200	text/html; charset=UTF-8	27980	http://bibliotecajuridica.des.sp.gov.br/legislacao/portaria-ms-gm-no-5-674-de-01-11-2024-altera-a-portaria-de-consolidacao-gm-ms-no-5-de-28-de-setembro-de-2017-e-atualiza-a-lista-de-doencas-relacionadas-ao-trabalho-ldrt/
200	application/pdf	295871	http://www.gov.br/planejamento/pt-br/assuntos/orcamento/orcamentos-anuais/2027/pldo/anexo_iv-06-_impacto_fiscal_das_recomendacoes_resultantes_da_avaliacao_de_politicas_publicas.pdf/@@display-file/file
200	text/html	49594	http://www.planalto.gov.br/CCIVIL_03/Projetos/Ato_2023_2026/2023/PLP/plp-233.htm
200	text/html;charset=UTF-8	32514	http://www.saude.sp.gov.br/ses/legislacao/informe-eletronico-de-legislacao-em-saude/acessar-os-informes-eletronicos/2023/outubro/informe-eletronico-de-legislacao-em-saude-n-192-17102023
200	application/pdf	162322	https://acoem.org/acoem/media/News-Library/JOEM-Work-relatedness-Dec-2018.pdf
200	text/html;charset=UTF-8	477244	https://ama-guides.ama-assn.org/display/book/9781640163409/9781640163409.xml
200	text/html; charset=UTF-8	42026	https://atos.cnj.jus.br/atos/detalhar/4105
200	application/pdf	120546	https://atos.cnj.jus.br/files/compilado123341202609176aabde2593a4c.pdf
200	application/pdf	135119	https://atos.cnj.jus.br/files/compilado174307202209136320c12ba6490.pdf
200	application/pdf	92619	https://atos.cnj.jus.br/files/compilado2133252024121667609ca581fdf.pdf
200	application/pdf	118146	https://bibliotecadigital.dth.api.gov.br/bitstream/123456789/533927/1/PORTARIA%20CONJUNTA%20MPS_INSS%20N%C2%BA%2072,%20DE%2016%20DE%20OUTUBRO%20DE%202025%20-%20PORTARIA%20CONJUNTA%20MPS_INSS%20N%C2%BA%2072,%20DE%2016%20DE%20OUTUBRO%20DE%202025%20-%20DOU%20-%20Imprensa%20Nacional.pdf
200	text/html; charset=UTF-8	308440	https://cggp.cps.sp.gov.br/manuais/licenca-saude-celetista/
200	text/html;charset=UTF-8	2794	https://doi.org/10.1016/j.envint.2021.106629
403	text/html; charset=UTF-8	5851	https://doi.org/10.1080/13854046.2021.1896036
403	text/html; charset=UTF-8	5692	https://doi.org/10.1097/j.pain.0000000000001384
200	text/html;charset=UTF-8	2604	https://doi.org/10.1136/annrheumdis-2016-209724
200	text/html; charset= ISO-8859-1	124896	https://eproctnu-jur.cjf.jus.br/eproc/externo_controlador.php?acao=jurisprudencia@jurisprudencia/download_inteiro_teor&id_jurisprudencia=771765565869822213503086959115
200	text/html; charset=utf-8	26661	https://icd.who.int/browse/latest-release/mms/pt
200	text/html	210160	https://icdcdn.who.int/icd11referenceguide/en/html/index.html
200	application/pdf	148979	https://legis.sigepe.gov.br/sigepe-bgp-ws-legis/legis-service/download/?id=0014717585-ALPDF/2023
200	text/html; charset=UTF-8	68334	https://noticias.stf.jus.br/postsnoticias/alteracao-do-calculo-da-aposentadoria-por-doenca-grave-pela-reforma-da-previdencia-e-valida-decide-stf/
200	text/html; charset=UTF-8	66593	https://noticias.stf.jus.br/postsnoticias/stf-confirma-validade-de-alta-programada-do-auxilio-doenca/
200	text/html; charset=utf-8	141467	https://pmc.ncbi.nlm.nih.gov/articles/PMC5764424/
200	text/html; charset=utf-8	296429	https://pmc.ncbi.nlm.nih.gov/articles/PMC5820404/
200	text/html; charset=utf-8	289994	https://pmc.ncbi.nlm.nih.gov/articles/PMC6308182/
200	text/html; charset=utf-8	414902	https://pmc.ncbi.nlm.nih.gov/articles/PMC7452950/
200	text/html; charset=utf-8	1181997	https://pmc.ncbi.nlm.nih.gov/articles/PMC8094165/
200	text/html; charset=utf-8	252081	https://pmc.ncbi.nlm.nih.gov/articles/PMC8612718/
200	text/html; charset=UTF-8	168490	https://portal.cfm.org.br/noticias/atesta-cfm-plataforma-lancada-pelo-cfm-para-combater-atestados-medicos-falsos-passa-a-valer-dia-5-de-novembro/
200	text/html; charset=UTF-8	165522	https://portal.cfm.org.br/noticias/conselheira-do-cfm-reforca-a-vedacao-contra-a-presenca-de-assistentes-tecnicos-nao-medicos-em-pericias-medicas/
200	text/html; charset=UTF-8	162767	https://portal.cfm.org.br/noticias/em-decisao-unanime-tcu-reconhece-a-legalidade-do-atesta-cfm/
200	text/html; charset=UTF-8	160784	https://portal.cfm.org.br/noticias/resolucao-e-atualizada/
200	text/html;charset=UTF-8	61753	https://portal.stf.jus.br/jurisprudenciaRepercussao/tema.asp?num=1066
200	text/html	190297	https://portal.stf.jus.br/jurisprudenciaRepercussao/verAndamentoProcesso.asp?incidente=4608798&numeroProcesso=828040&classeProcesso=RE&numeroTema=932
200	text/html	271112	https://portal.stf.jus.br/jurisprudenciaRepercussao/verAndamentoProcesso.asp?incidente=5573573&numeroProcesso=1171152&classeProcesso=RE&numeroTema=1066
200	text/html	63002	https://portal.stf.jus.br/jurisprudenciaRepercussao/verPronunciamento.asp?pronunciamento=3902645
200	text/html	76988	https://portal.stf.jus.br/jurisprudenciaRepercussao/verPronunciamento.asp?pronunciamento=9715253
200	text/html	64083	https://portal.stf.jus.br/noticias/verNoticiaDetalhe.asp?idConteudo=456875&ori=1
200	text/html	62165	https://portal.stf.jus.br/noticias/verNoticiaDetalhe.asp?idConteudo=477205&ori=1
200	text/html;charset=ISO-8859-1	63212	https://processo.stj.jus.br/repetitivos/temas_repetitivos/pesquisa.jsp?novaConsulta=true&tipo_pesquisa=T&cod_tema_inicial=1013&cod_tema_final=1013
200	text/html;charset=ISO-8859-1	59144	https://processo.stj.jus.br/repetitivos/temas_repetitivos/pesquisa.jsp?novaConsulta=true&tipo_pesquisa=T&cod_tema_inicial=416&cod_tema_final=416
200	text/html;charset=ISO-8859-1	66997	https://processo.stj.jus.br/repetitivos/temas_repetitivos/pesquisa.jsp?novaConsulta=true&tipo_pesquisa=T&cod_tema_inicial=862&cod_tema_final=862
200	text/html; charset=UTF-8	1117078	https://psychiatryexperts.co.uk/expert-witness-reports/personal-injury/malingering-symptom-validity/
200	text/html; charset=utf-8	20531	https://pubmed.ncbi.nlm.nih.gov/33823750/
200	text/html; charset=utf-8	20532	https://pubmed.ncbi.nlm.nih.gov/39813118/
200	text/html; charset=utf-8	20532	https://pubmed.ncbi.nlm.nih.gov/41973792/
200	text/html; charset=utf-8	20532	https://pubmed.ncbi.nlm.nih.gov/42202514/
200	text/html; charset=utf-8	20531	https://pubmed.ncbi.nlm.nih.gov/42331580/
200	application/pdf	5479732	https://renastonline.ensp.fiocruz.br/sites/default/files/arquivos/recursos/dor_relacionada_trabalho_ler_dort.pdf
200	application/pdf;charset=UTF-8	4575944	https://repositorio.enap.gov.br/bitstream/1/9868/5/Grupo%205%20-%20Elogovers_%20Redu%C3%A7%C3%A3o%20da%20fila%20do%20INSS%20para%20concess%C3%A3o%20de%20benef%C3%ADcio%20por%20incapacidade%20tempor%C3%A1ria%201.pdf
403	text/html; charset=UTF-8	15942	https://scon.stj.jus.br/SCON/GetInteiroTeorDoAcordao?num_registro=201800909697&dt_publicacao=17/11/2020
403	text/html; charset=UTF-8	15942	https://scon.stj.jus.br/SCON/GetInteiroTeorDoAcordao?num_registro=202003388788&dt_publicacao=06/11/2025
403	text/html; charset=UTF-8	15942	https://scon.stj.jus.br/SCON/GetInteiroTeorDoAcordao?num_registro=202003411762&dt_publicacao=06/11/2025
403	text/html; charset=UTF-8	15942	https://scon.stj.jus.br/SCON/GetInteiroTeorDoAcordao?num_registro=202504638189&dt_publicacao=30/04/2026
403	text/html; charset=UTF-8	15999	https://scon.stj.jus.br/SCON/jurisprudencia/toc.jsp?O=JT&b=ACOR&livre=202000640584.REG.%20E%2018/10/2021.FONT.
403	text/html; charset=UTF-8	15999	https://scon.stj.jus.br/SCON/jurisprudencia/toc.jsp?O=JT&b=ACOR&livre=202003034248.REG.%20E%2006/11/2025.FONT.
403	text/html; charset=UTF-8	15999	https://scon.stj.jus.br/SCON/jurisprudencia/toc.jsp?O=JT&b=ACOR&livre=202103189031.REG.%20E%2006/07/2026.FONT.
403	text/html; charset=UTF-8	16032	https://scon.stj.jus.br/SCON/pesquisar.jsp?b=ACOR&O=RR&preConsultaPP=6636/0&thesaurus=JURIDICO&p=true&tp=T
200	text/html; charset=utf-8	556015	https://simore.mdh.gov.br/Home/Resultado?IdMeta=150&page=18
200	text/html; charset=utf-8	440049	https://simore.mdh.gov.br/Home/Resultado?ODS=18&page=12
200	application/pdf	677420	https://sistemas.cfm.org.br/normas/arquivos/pareceres/BR/2024/10_2024.pdf
200	application/pdf	156307	https://sistemas.cfm.org.br/normas/arquivos/pareceres/RN/2025/3_2025.pdf
200	application/pdf	86361	https://sistemas.cfm.org.br/normas/arquivos/resolucoes/BR/2002/1638_2002.pdf
200	application/pdf	141712	https://sistemas.cfm.org.br/normas/arquivos/resolucoes/BR/2007/1821_2007.pdf
200	application/pdf	219567	https://sistemas.cfm.org.br/normas/arquivos/resolucoes/BR/2018/2183_2018.pdf
200	application/pdf	178806	https://sistemas.cfm.org.br/normas/arquivos/resolucoes/BR/2018/2217_2018.pdf
200	application/pdf	143031	https://sistemas.cfm.org.br/normas/arquivos/resolucoes/BR/2021/2297_2021.pdf
200	application/pdf	109161	https://sistemas.cfm.org.br/normas/arquivos/resolucoes/BR/2022/2314_2022.pdf
200	application/pdf	599458	https://sistemas.cfm.org.br/normas/arquivos/resolucoes/BR/2022/2323_2022.pdf
200	application/pdf	273844	https://sistemas.cfm.org.br/normas/arquivos/resolucoes/BR/2024/2380_2024.pdf
200	application/pdf	210801	https://sistemas.cfm.org.br/normas/arquivos/resolucoes/BR/2024/2381_2024.pdf
200	application/pdf	619799	https://sistemas.cfm.org.br/normas/arquivos/resolucoes/BR/2025/2430_2025.pdf
200	text/html; charset=UTF-8	21371	https://sistemas.cfm.org.br/normas/visualizar/pareceres/SC/2016/2430
200	application/pdf	344465	https://wordmemorytest.com/DAUBERT/Stevens_2008_WMT_MSVT_VARIANCE_EFFORT.pdf
403	text/html; charset=UTF-8	5484	https://www.ama-assn.org/practice-management/ama-guides/ama-guides-sixth-2025-current-medicine-permanent-impairment-ratings
200	text/html	3349	https://www.aminer.cn/pub/53e9a9f0b7602d970335698c/the-relation-between-symptom-validity-testing-and-mmpi-scores-as-a-function-of-forensic-evaluation-context
200	application/pdf	2704062	https://www.ampid.org.br/v1/wp-content/uploads/2018/06/ManualT%C3%A9cnicoPer%C3%ADciaM%C3%A9dicaPrevidenci%C3%A1ria_alterado637.pdf
200	application/pdf	4152304	https://www.cjf.jus.br/cjf/corregedoria-da-justica-federal/turma-nacional-de-uniformizacao/publicacoes-1/repositorio-tnu/repositorio-tnu/view/++widget++form.widgets.arquivo/@@download/Reposit%C3%B3rio+TNU+-+Vers%C3%A3o+atualizada+em+22.06.2026.pdf
200	text/html;charset=utf-8	48986	https://www.cjf.jus.br/cjf/corregedoria-da-justica-federal/turma-nacional-de-uniformizacao/temas-representativos/tema-343
200	text/html; charset=iso-8859-1	43067	https://www.cjf.jus.br/phpdoc/virtus/listaSumulas.php
200	application/pdf	183032	https://www.cjf.jus.br/publico/biblioteca/Res_937-2025.pdf
200	text/html; charset=UTF-8	280135	https://www.cnj.jus.br/audiencia-debate-regulamentacao-de-atividades-e-honorarios-de-peritos/
200	text/html; charset=UTF-8	273966	https://www.cnj.jus.br/cnj-reve-honorarios-de-antropologos-em-processos-que-envolvem-indigenas/
200	text/html; charset=UTF-8	272730	https://www.cnj.jus.br/resolucao-fixa-honorarios-de-peritos-em-casos-de-gratuidade-da-justica/
200	application/pdf	61505	https://www.fmhac.org/uploads/1/2/4/4/124447122/dempsey.pdf
200	text/html;charset=utf-8	303825	https://www.gov.br/inss/pt-br/centrais-de-conteudo/legislacao/instrucao-normativa/2022
200	text/html;charset=UTF-8	1300267	https://www.gov.br/inss/pt-br/centrais-de-conteudo/legislacao/instrucao-normativa/2022/instrucao-normativa-pres-inss-no-128-de-28-de-marco-de-2022
200	text/html;charset=utf-8	307129	https://www.gov.br/inss/pt-br/centrais-de-conteudo/legislacao/portarias-conjuntas/2023
200	application/pdf	572084	https://www.gov.br/inss/pt-br/centrais-de-conteudo/legislacao/portarias-conjuntas/2025/ptcj34mds-inss.pdf
200	application/pdf	100828	https://www.gov.br/mdh/pt-br/navegue-por-temas/cooperacao-internacional/editais/editais-2018-1/Edital12_ProtocolodeIstambul_PNUD16020.pdf
200	application/pdf	392243	https://www.gov.br/mdh/pt-br/navegue-por-temas/pessoa-com-deficiencia/acoes-e-programas/avaliacao-biopsicossocial/grupo-de-trabalho-sobre-a-avaliacao-biopsicossocial-de-2020/Doc.09AnlisedaAplicaodondicedeFuncionalidadeBrasileiroModificadoemRequerentesdoBenefciodePrestaoContinuadaPessoaComDeficinciaUnimar.pdf
200	text/html;charset=utf-8	206652	https://www.gov.br/mdh/pt-br/prevencao-e-combate-a-tortura/coordenacao
200	text/html;charset=utf-8	204747	https://www.gov.br/mdh/pt-br/prevencao-e-combate-a-tortura/documentos
200	application/pdf	1151826	https://www.gov.br/participamaisbrasil/blob/baixar/6900
200	application/pdf	136797	https://www.gov.br/previdencia/pt-br/assuntos/previdencia-social/saude-e-seguranca-do-trabalhador/fap/rois-de-percentis/PORTARIA_INTERMINISTERIAL_MPS_MF_N__10__DE_10_DE_SETEMBRO_DE_2025___PORTARIA_INTERMINISTERIAL_MPS_MF_N__10__DE_10_DE_SETEMBRO_DE_2025___DOU___Imprensa_Nacional.pdf
200	application/pdf	1091138	https://www.gov.br/saude/pt-br/acesso-a-informacao/participacao-social/consultas-publicas/2026/revisao-e-atualizacao-do-caderno-tematico-do-programa-saude-na-escola-pse-o-que-e-deficiencia/caderno-da-consulta-publica
200	text/html;charset=utf-8	140128	https://www.gov.br/saude/pt-br/assuntos/saude-de-a-a-z/s/sindrome-de-burnout
200	application/pdf	78480	https://www.gov.br/saude/pt-br/centrais-de-conteudo/publicacoes/notas-tecnicas/2024/nota-tecnica-no-91-2024-cgiae-daent-svsa-ms.pdf/@@download/file
200	application/pdf	1251457	https://www.gov.br/saude/pt-br/centrais-de-conteudo/publicacoes/svsa/vigilancia/guia-de-vigilancia-em-saude-volume-3-6a-edicao
200	text/html;charset=utf-8	113484	https://www.gov.br/saude/pt-br/composicao/svsa/saude-do-trabalhador/vigilancia-em-saude-do-trabalhador-vigisat/doencas-e-agravos-relacionados-ao-trabalho/lesoes-por-esforcos-repetitivos-ler-disturbios-osteomusculares-relacionadas-ao-trabalho-dort
200	text/html;charset=utf-8	145132	https://www.gov.br/trabalho-e-emprego/pt-br/acesso-a-informacao/participacao-social/conselhos-e-orgaos-colegiados/comissao-tripartite-partitaria-permanente/arquivos/normas-regulamentadoras/nr-17-atualizada-2021.pdf/view
200	application/pdf	398620	https://www.gov.br/trabalho-e-emprego/pt-br/acesso-a-informacao/participacao-social/conselhos-e-orgaos-colegiados/comissao-tripartite-partitaria-permanente/normas-regulamentadora/normas-regulamentadoras-vigentes/nr-01-atualizada-2025-i-3.pdf
200	application/pdf	754137	https://www.gov.br/trabalho-e-emprego/pt-br/acesso-a-informacao/participacao-social/conselhos-e-orgaos-colegiados/comissao-tripartite-partitaria-permanente/normas-regulamentadora/normas-regulamentadoras-vigentes/nr-07-atualizada-2022-1.pdf
200	application/pdf	2421847	https://www.gov.br/trabalho-e-emprego/pt-br/acesso-a-informacao/participacao-social/conselhos-e-orgaos-colegiados/comissao-tripartite-partitaria-permanente/normas-regulamentadora/normas-regulamentadoras-vigentes/nr-15-atualizada-2025.pdf
200	text/html;charset=utf-8	145353	https://www.gov.br/trabalho-e-emprego/pt-br/acesso-a-informacao/participacao-social/conselhos-e-orgaos-colegiados/comissao-tripartite-partitaria-permanente/normas-regulamentadora/normas-regulamentadoras-vigentes/nr-15-atualizada-2025.pdf/view
200	application/pdf	399810	https://www.gov.br/trabalho-e-emprego/pt-br/acesso-a-informacao/participacao-social/conselhos-e-orgaos-colegiados/comissao-tripartite-partitaria-permanente/normas-regulamentadora/normas-regulamentadoras-vigentes/nr-16-atualizada-2025-ii.pdf
200	application/pdf	379629	https://www.gov.br/trabalho-e-emprego/pt-br/acesso-a-informacao/participacao-social/conselhos-e-orgaos-colegiados/comissao-tripartite-partitaria-permanente/normas-regulamentadora/normas-regulamentadoras-vigentes/nr-17-atualizada-2023.pdf
200	application/pdf	12819226	https://www.gov.br/trabalho-e-emprego/pt-br/assuntos/inspecao-do-trabalho/manuais-e-publicacoes/2026/manual_gro_pgr_da_nr_1.pdf
200	application/pdf	517317	https://www.ilo.org/media/336021/download
200	text/html; charset=utf-8	45992	https://www.ilo.org/publications/diagnostic-and-exposure-criteria-occupational-diseases-guidance-notes-0
200	application/pdf	4862789	https://www.ilo.org/sites/default/files/2024-07/wcms_836362.pdf
200	text/html;charset=UTF-8	98192	https://www.in.gov.br/en/web/dou/-/portaria-conjunta-mps/inss-n-13-de-23-de-marco-de-2026-694778266
200	text/html;charset=UTF-8	86127	https://www.in.gov.br/en/web/dou/-/portaria-conjunta-mps/inss-n-14-de-23-de-marco-de-2026-694772597
200	text/html;charset=UTF-8	89478	https://www.in.gov.br/en/web/dou/-/portaria-conjunta-mps/inss-n-15-de-23-de-marco-de-2026-694780534
200	text/html;charset=UTF-8	86134	https://www.in.gov.br/en/web/dou/-/portaria-conjunta-mps/inss-n-43-de-18-de-setembro-de-2026-733208414
200	text/html;charset=UTF-8	816244	https://www.in.gov.br/en/web/dou/-/portaria-gm/ms-n-1.999-de-27-de-novembro-de-2023-526629116
200	text/html;charset=UTF-8	1145364	https://www.in.gov.br/en/web/dou/-/portaria-gm/ms-n-5.674-de-1-de-novembro-de-2024-594040700
403	text/html; charset=utf-8	10593	https://www.in.gov.br/materia/-/asset_publisher/Kujrw0TZC2Mb/content/id/30050742/do1-2014-01-30-portaria-interministerial-n-1-de-27-de-janeiro-de-2014-30050738
200	text/html;charset=UTF-8	98001	https://www.in.gov.br/web/dou/-/portaria-conjunta-dpmf/inss-n-19-de-31-de-marco-de-2026-*-698610961
200	text/html;charset=UTF-8	87445	https://www.in.gov.br/web/dou/-/portaria-conjunta-pres/inss/srgps/mps-n-66-de-14-de-julho-de-2026-719260532
200	application/pdf	313859	https://www.justica.pr.gov.br/sites/default/arquivos_restritos/files/documento/2019-08/2016relatoriotorturasptpt.pdf
200	text/html;charset=UTF-8	1006	https://www.lexml.gov.br/urn/urn:lex:br:supremo.tribunal.federal
200	application/pdf	1986933	https://www.mds.gov.br/webarquivos/legislacao/assistencia_social/portarias/2015/portaria_conjunta_INSS_2_2015_BPC.pdf
200	text/html;charset=UTF-8	154148	https://www.nahora.df.gov.br/instituto-nacional-do-seguro-social-inss
200	application/pdf	7245406	https://www.ohchr.org/sites/default/files/Documents/Publications/MinnesotaProtocol.pdf
200	application/pdf	7068609	https://www.ohchr.org/sites/default/files/documents/publications/2022-06-29/Istanbul-Protocol_Rev2_EN.pdf
200	text/html; charset=ISO-8859-1	522346	https://www.pgdlisboa.pt/leis/lei_mostra_articulado.php?nid=1179&tabela=leis
200	text/html	255624	https://www.planalto.gov.br/ccivil_03/_ato2007-2010/2007/decreto/d6214.htm
200	text/html	146201	https://www.planalto.gov.br/ccivil_03/_ato2007-2010/2007/decreto/d6214compilado.htm
200	text/html	8627	https://www.planalto.gov.br/ccivil_03/_ato2007-2010/2009/lei/l12030.htm
200	text/html	1691185	https://www.planalto.gov.br/ccivil_03/_ato2015-2018/2015/lei/l13105.htm
200	text/html	242111	https://www.planalto.gov.br/ccivil_03/_ato2015-2018/2015/lei/l13146.htm
200	text/html	16892	https://www.planalto.gov.br/ccivil_03/_ato2015-2018/2018/lei/l13787.htm
200	text/html	28034	https://www.planalto.gov.br/ccivil_03/_ato2019-2022/2019/lei/l13876.htm
200	text/html	908608	https://www.planalto.gov.br/ccivil_03/decreto-lei/del3689compilado.htm
200	text/html	1531443	https://www.planalto.gov.br/ccivil_03/decreto-lei/del5452compilado.htm
200	text/html	1180938	https://www.planalto.gov.br/ccivil_03/decreto/D3048anexoii-iii-iv.htm
200	text/html	2390338	https://www.planalto.gov.br/ccivil_03/decreto/d3048.htm
200	text/html	35205	https://www.planalto.gov.br/ccivil_03/leis/2003/l10.666.htm
200	text/html	89989	https://www.planalto.gov.br/ccivil_03/leis/l6194.htm
200	text/html	755476	https://www.planalto.gov.br/ccivil_03/leis/l8213cons.htm
200	text/html	228460	https://www.planalto.gov.br/ccivil_03/leis/l8742.htm
200	text/html	153095	https://www.planalto.gov.br/ccivil_03/leis/l8742compilado.htm
200	text/html	17481	https://www.planalto.gov.br/ccivil_03/leis/lcp/lcp142.htm
200	text/html	75141	https://www.planalto.gov.br/ccivil_03/leis/lcp/lcp207.htm
200	text/html	15848	https://www.planalto.gov.br/ccivil_03/leis/lcp/lcp211.htm
200	text/html	25796	https://www.planalto.gov.br/ccivil_03/leis/leis_2001/l10259.htm
200	text/html; charset=UTF-8	260641	https://www.policiapenal.go.gov.br/atos-normativos/atos-internos/portaria-conjunta-no-12-de-11-de-dezembo-de-2023.html
200	text/html; charset=utf-8	202044	https://www.psychiatry.org/psychiatrists/practice/dsm
200	text/html; charset=utf-8	200034	https://www.psychiatry.org/psychiatrists/practice/dsm/about-dsm
200	text/html; charset=utf-8	197810	https://www.psychiatry.org/psychiatrists/practice/dsm/updates-to-dsm/updates-to-dsm-5-tr-criteria-text
200	application/pdf	156641	https://www.saude.sc.gov.br/index.php/pt/legislacao/legislacao-geral/portarias/resolucao-n-487-de-15-de-fevereiro-de-2023/download
200	application/pdf	177404	https://www.stf.jus.br/arquivo/cms/noticiaNoticiaStf/anexo/Info_RE1469150FINAL.pdf
403	text/html; charset=UTF-8	5851	https://www.tandfonline.com/doi/full/10.1080/23279095.2022.2040025
200	text/html;charset=UTF-8	714321	https://www.tst.jus.br/en/nugep-sp/recursos-repetitivos/tabela-completa
200	text/html; charset=utf-8	88992	https://www.who.int/news/item/28-05-2019-burn-out-an-occupational-phenomenon-international-classification-of-diseases
200	text/html; charset=utf-8	91213	https://www.who.int/publications/i/item/9789240053052
200	text/html; charset=utf-8	89706	https://www.who.int/publications/i/item/measuring-health-and-disability-manual-for-who-disability-assessment-schedule-(-whodas-2.0)
200	text/html; charset=utf-8	97421	https://www.who.int/standards/classifications/international-classification-of-functioning-disability-and-health
