url	code	ctype	bytes	final
http://sedici.unlp.edu.ar/bitstream/handle/10915/53874/Documento_completo.pdf-PDFA.pdf?sequence=1&isAllowed=y	200	application/pdf	395053	http://sedici.unlp.edu.ar/bitstream/handle/10915/53874/Documento_completo.pdf-PDFA.pdf?sequence=1&isAllowed=y
http://sedici.unlp.edu.ar/bitstream/handle/10915/80528/Documento_completo.pdf-PDFA.pdf?sequence=1&isAllowed=y	200	application/pdf	193274	http://sedici.unlp.edu.ar/bitstream/handle/10915/80528/Documento_completo.pdf-PDFA.pdf?sequence=1&isAllowed=y
http://www.musimid.mus.br/3encontro/files/pdf/Marcos%20Julio%20Sergl.pdf	200	application/pdf	300163	http://www.musimid.mus.br/3encontro/files/pdf/Marcos%20Julio%20Sergl.pdf
https://abrapem.org/wp-content/uploads/2023/10/60.-Padroes-de-acompanhamento-ao-violao-de-Joao-Gilberto-01.pdf	200	application/pdf	648459	https://abrapem.org/wp-content/uploads/2023/10/60.-Padroes-de-acompanhamento-ao-violao-de-Joao-Gilberto-01.pdf
https://abrapem.org/wp-content/uploads/2023/10/69.-Padroes-de-acompanhamento-na-bossa-nova-ao-violao-de-Joao-Gilberto-02.pdf	200	application/pdf	592687	https://abrapem.org/wp-content/uploads/2023/10/69.-Padroes-de-acompanhamento-na-bossa-nova-ao-violao-de-Joao-Gilberto-02.pdf
https://acda-publications.s3.us-east-2.amazonaws.com/choral_journals/Wall.pdf	200	application/pdf	1132047	https://acda-publications.s3.us-east-2.amazonaws.com/choral_journals/Wall.pdf
https://anaforas.fic.edu.uy/jspui/handle/123456789/101481?mode=full	200	text/html;charset=UTF-8	18832	https://anaforas.fic.edu.uy/jspui/handle/123456789/101481?mode=full
https://anppom.org.br/anais/anaiscongresso_anppom_2014/2822/public/2822-9929-1-PB.pdf	200	application/pdf	255640	https://anppom.org.br/anais/anaiscongresso_anppom_2014/2822/public/2822-9929-1-PB.pdf
https://anppom.org.br/anais/anaiscongresso_anppom_2023/papers/1635/public/1635-7746-1-PB.pdf	200	application/pdf	311083	https://anppom.org.br/anais/anaiscongresso_anppom_2023/papers/1635/public/1635-7746-1-PB.pdf
https://antigo.anppom.com.br/anais/anaiscongresso_anppom_2005/sessao16/ricardofreire_heitoroliveira.pdf	200	application/pdf	97749	https://antigo.anppom.com.br/anais/anaiscongresso_anppom_2005/sessao16/ricardofreire_heitoroliveira.pdf
https://archive.org/stream/Musical_DropBooks/World.Music.-.The.Basics.Rougledge_DropBooks_App_djvu.txt	200	text/html; charset=UTF-8	1063103	https://archive.org/stream/Musical_DropBooks/World.Music.-.The.Basics.Rougledge_DropBooks_App_djvu.txt
https://bcr.iphan.gov.br/acoes-de-salvaguarda/registro-das-matrizes-tradicionais-do-forro-como-patrimonio-cultural-do-brasil/	200	text/html; charset=UTF-8	444719	https://bcr.iphan.gov.br/acoes-de-salvaguarda/registro-das-matrizes-tradicionais-do-forro-como-patrimonio-cultural-do-brasil/
https://bcr.iphan.gov.br/bens-culturais/fandango-caicara/	200	text/html; charset=UTF-8	516834	https://bcr.iphan.gov.br/bens-culturais/fandango-caicara/
https://bcr.iphan.gov.br/bens-culturais/matrizes-tradicionais-do-forro/	200	text/html; charset=UTF-8	485881	https://bcr.iphan.gov.br/bens-culturais/matrizes-tradicionais-do-forro/
https://bcr.iphan.gov.br/documentos-do-process/dossie-de-registro-choro/	200	text/html; charset=UTF-8	436064	https://bcr.iphan.gov.br/documentos-do-process/dossie-de-registro-choro/
https://bcr.iphan.gov.br/documentos-do-process/dossie-de-registro-fandango-caicara/	200	text/html; charset=UTF-8	433854	https://bcr.iphan.gov.br/documentos-do-process/dossie-de-registro-fandango-caicara/
https://bcr.iphan.gov.br/documentos-do-process/parecer-do-conselho-consultivo-matrizes-tradicionais-do-forro/	200	text/html; charset=UTF-8	438643	https://bcr.iphan.gov.br/documentos-do-process/parecer-do-conselho-consultivo-matrizes-tradicionais-do-forro/
https://bcr.iphan.gov.br/documentos-do-process/parecer-tecnico-de-registro-fandango-caicara/	200	text/html; charset=UTF-8	438118	https://bcr.iphan.gov.br/documentos-do-process/parecer-tecnico-de-registro-fandango-caicara/
https://bcr.iphan.gov.br/wp-content/uploads/tainacan-items/65968/105869/01_Dossie_Tecnico.pdf	200	application/pdf	7038410	https://bcr.iphan.gov.br/wp-content/uploads/tainacan-items/65968/105869/01_Dossie_Tecnico.pdf
https://bcr.iphan.gov.br/wp-content/uploads/tainacan-items/65968/66755/Fandango-Caicara_de_Dossie_.pdf	200	application/pdf	2185932	https://bcr.iphan.gov.br/wp-content/uploads/tainacan-items/65968/66755/Fandango-Caicara_de_Dossie_.pdf
https://bcr.iphan.gov.br/wp-content/uploads/tainacan-items/65968/67001/Matrizes-Tradicionais-do-Forro_de_MatrizesTradicionaisForro_Dossie_.pdf	200	application/pdf	17407032	https://bcr.iphan.gov.br/wp-content/uploads/tainacan-items/65968/67001/Matrizes-Tradicionais-do-Forro_de_MatrizesTradicionaisForro_Dossie_.pdf
https://bibliotecadigital.iphan.gov.br/items/acd429ed-0f5d-4aab-b257-1612cdcec8a2/full	200	text/html; charset=utf-8	597612	https://bibliotecadigital.iphan.gov.br/items/acd429ed-0f5d-4aab-b257-1612cdcec8a2/full
https://bndigital.bn.gov.br/exposicoes/ai-ai-ai-cem-anos-o-samba-faz/subgeneros-do-samba/	403	text/html; charset=UTF-8	5484	https://bndigital.bn.gov.br/exposicoes/ai-ai-ai-cem-anos-o-samba-faz/subgeneros-do-samba/
https://catalogue.bnf.fr/ark:/12148/cb39105089k	200	text/html;charset=utf-8	74473	https://catalogue.bnf.fr/ark:/12148/cb39105089k
https://cilam.ucr.edu/diagonal/issues/2013/LinkandWendland.pdf	200	application/pdf	90588	https://cilam.ucr.edu/diagonal/issues/2013/LinkandWendland.pdf
https://cyberleninka.ru/article/n/chastushki-i-korotkie-pesni-k-voprosu-o-vnutrizhanrovoy-klassifikatsii	200	text/html; charset=utf-8	72972	https://cyberleninka.ru/article/n/chastushki-i-korotkie-pesni-k-voprosu-o-vnutrizhanrovoy-klassifikatsii
https://cyberleninka.ru/article/n/epicheskie-napevy-iz-sbornika-kirshi-danilova-i-traditsii-severnogo-bylinnogo-melosa	200	text/html; charset=utf-8	102510	https://cyberleninka.ru/article/n/epicheskie-napevy-iz-sbornika-kirshi-danilova-i-traditsii-severnogo-bylinnogo-melosa
https://cyberleninka.ru/article/n/zabytye-motivy-materinskogo-folklora	200	text/html; charset=utf-8	100917	https://cyberleninka.ru/article/n/zabytye-motivy-materinskogo-folklora
https://ddd.uab.cat/pub/tesis/2020/hdl_10803_669363/bjdcp1de1.pdf	200	application/pdf	6230337	https://ddd.uab.cat/pub/tesis/2020/hdl_10803_669363/bjdcp1de1.pdf
https://dialnet.unirioja.es/descarga/articulo/5322692.pdf	200	application/pdf	387434	https://dialnet.unirioja.es/descarga/articulo/5322692.pdf
https://dokumen.pub/anais-da-xxi-conferencia-brasileira-de-folkcomunicaao-processos-folkcomunicacionais-e-ativismos-antirracistas.html	403	text/html; charset=UTF-8	6025	https://dokumen.pub/anais-da-xxi-conferencia-brasileira-de-folkcomunicaao-processos-folkcomunicacionais-e-ativismos-antirracistas.html
https://dokumen.pub/cuban-music-from-a-to-z-9780822385219.html	403	text/html; charset=UTF-8	5723	https://dokumen.pub/cuban-music-from-a-to-z-9780822385219.html
https://dokumen.pub/fado-resounding-affective-politics-and-urban-life-9780822354598-9780822354710-2013018963.html	403	text/html; charset=UTF-8	5940	https://dokumen.pub/fado-resounding-affective-politics-and-urban-life-9780822354598-9780822354710-2013018963.html
https://dspace.uevora.pt/rdpc/bitstream/10174/35478/1/Doutoramento-Musica_e_Musicologia-Musicologia-Celso_Ribeiro_Bastos_Filho.pdf	200	application/pdf	3584592	https://dspace.uevora.pt/rdpc/bitstream/10174/35478/1/Doutoramento-Musica_e_Musicologia-Musicologia-Celso_Ribeiro_Bastos_Filho.pdf
https://econtents.sbu.unicamp.br/inpec/index.php/muspop/article/download/19941/14936/59924	200	application/pdf	891827	https://econtents.sbu.unicamp.br/inpec/index.php/muspop/article/download/19941/14936/59924
https://en.wikipedia.org/wiki/Flamenco	200	text/html; charset=UTF-8	665026	https://en.wikipedia.org/wiki/Flamenco
https://estudogeral.uc.pt/bitstream/10316/19516/1/A%20Guitarra%20Portuguesa%20e%20a%20Can%C3%A7%C3%A3o%20de%20Coimbra_%20subsidios%20para%20o%20seu%20estudo%20e%20conxtualiza%C3%A7%C3%A3o-Luis%20Castela.pdf	302	text/html	138	https://estudogeral.uc.pt/bitstream/10316/19516/1/A%20Guitarra%20Portuguesa%20e%20a%20Can%C3%A7%C3%A3o%20de%20Coimbra_%20subsidios%20para%20o%20seu%20estudo%20e%20conxtualiza%C3%A7%C3%A3o-Luis%20Castela.pdf
https://festival.si.edu/past-program/1988	000		0	https://festival.si.edu/past-program/1988
https://files.cercomp.ufg.br/weby/up/270/o/Almir_Pessoa_-_Disserta%C3%A7%C3%A3o.pdf	200	application/pdf	3768046	https://files.cercomp.ufg.br/weby/up/270/o/Almir_Pessoa_-_Disserta%C3%A7%C3%A3o.pdf
https://files.cercomp.ufg.br/weby/up/270/o/DENIS_RILK_MALAQUIAS.pdf	200	application/pdf	13909510	https://files.cercomp.ufg.br/weby/up/270/o/DENIS_RILK_MALAQUIAS.pdf
https://files.cercomp.ufg.br/weby/up/270/o/DISSERTA%C3%87%C3%83O-REJANE-2015.pdf	200	application/pdf	2949875	https://files.cercomp.ufg.br/weby/up/270/o/DISSERTA%C3%87%C3%83O-REJANE-2015.pdf
https://files.cercomp.ufg.br/weby/up/270/o/Diuliano_Vitor_Lucena_-_Dissertac%CC%A7a%CC%83o_Final.pdf	200	application/pdf	2526990	https://files.cercomp.ufg.br/weby/up/270/o/Diuliano_Vitor_Lucena_-_Dissertac%CC%A7a%CC%83o_Final.pdf
https://files.cercomp.ufg.br/weby/up/270/o/Joao_Fernandes_da_Silva_Neto_-_Disserta%C3%A7%C3%A3o_Final.pdf	200	application/pdf	7452215	https://files.cercomp.ufg.br/weby/up/270/o/Joao_Fernandes_da_Silva_Neto_-_Disserta%C3%A7%C3%A3o_Final.pdf
https://files.cercomp.ufg.br/weby/up/988/o/LIMA_-_A_modinha_e_o_lundu_no_Brasil.pdf	200	application/pdf	331171	https://files.cercomp.ufg.br/weby/up/988/o/LIMA_-_A_modinha_e_o_lundu_no_Brasil.pdf
https://folkways-media.si.edu/docs/folkways/artwork/FW06820.pdf	200	application/pdf	1047706	https://folkways-media.si.edu/docs/folkways/artwork/FW06820.pdf
https://folkways-media.si.edu/docs/folkways/artwork/FW08754.pdf	200	application/pdf	3107135	https://folkways-media.si.edu/docs/folkways/artwork/FW08754.pdf
https://folkways-media.si.edu/docs/folkways/artwork/MON61713.pdf	200	application/pdf	851004	https://folkways-media.si.edu/docs/folkways/artwork/MON61713.pdf
https://folkways-media.si.edu/docs/lesson_plans/FLP10085_russia_balalaika.pdf	404	text/html	1245	https://folkways-media.si.edu/docs/lesson_plans/FLP10085_russia_balalaika.pdf
https://fresques.ina.fr/danses-sans-visa/fiche-media/Dasavi00705/histoire-des-bals-musette.html	200	text/html; charset=UTF-8	140018	https://fresques.ina.fr/danses-sans-visa/fiche-media/Dasavi00705/histoire-des-bals-musette.html
https://historiacultural.mpbnet.com.br/artigos.genero/caro/MURGEL_Ana_Carolina-A_cancao_no_feminino-Labrys.pdf	200	application/pdf	279049	https://historiacultural.mpbnet.com.br/artigos.genero/caro/MURGEL_Ana_Carolina-A_cancao_no_feminino-Labrys.pdf
https://horizon.documentation.ird.fr/exl-doc/pleins_textes/divers17-07/010041194.pdf	200	application/pdf	1534453	https://horizon.documentation.ird.fr/exl-doc/pleins_textes/divers17-07/010041194.pdf
https://hugoribeiro.com.br/biblioteca-digital/Ribeiro-apostila-teoria.pdf	200	application/pdf	141976	https://hugoribeiro.com.br/biblioteca-digital/Ribeiro-apostila-teoria.pdf
https://human.libretexts.org/Bookshelves/Music/Music_Theory/Understanding_Basic_Music_Theory_(Schmidt-Jones)/02%3A_Notation_-_Time/2.04%3A_Meter	200	text/html; charset=utf-8	135182	https://human.libretexts.org/Bookshelves/Music/Music_Theory/Understanding_Basic_Music_Theory_(Schmidt-Jones)/02%3A_Notation_-_Time/2.04%3A_Meter
https://human.libretexts.org/Bookshelves/Music/Music_Theory/Understanding_Basic_Music_Theory_(Schmidt-Jones)/02%3A_Notation_-_Time/2.06%3A_Dots_Ties_and_Borrowed_Divisions	200	text/html; charset=utf-8	138750	https://human.libretexts.org/Bookshelves/Music/Music_Theory/Understanding_Basic_Music_Theory_(Schmidt-Jones)/02%3A_Notation_-_Time/2.06%3A_Dots_Ties_and_Borrowed_Divisions
https://human.libretexts.org/Bookshelves/Music/Music_Theory/Understanding_Basic_Music_Theory_(Schmidt-Jones)/02%3A_Notation_-_Time/2.07%3A_Syncopation	200	text/html; charset=utf-8	132673	https://human.libretexts.org/Bookshelves/Music/Music_Theory/Understanding_Basic_Music_Theory_(Schmidt-Jones)/02%3A_Notation_-_Time/2.07%3A_Syncopation
https://human.libretexts.org/Bookshelves/Music/Music_Theory/Understanding_Basic_Music_Theory_(Schmidt-Jones)/02%3A_Notation_-_Time/2.08%3A_Tempo	200	text/html; charset=utf-8	136033	https://human.libretexts.org/Bookshelves/Music/Music_Theory/Understanding_Basic_Music_Theory_(Schmidt-Jones)/02%3A_Notation_-_Time/2.08%3A_Tempo
https://human.libretexts.org/Bookshelves/Music/Music_Theory/Understanding_Basic_Music_Theory_(Schmidt-Jones)/05%3A_The_Physical_Basis/5.03%3A_Harmonic_Series_I-_Timbre_and_Octaves	200	text/html; charset=utf-8	144093	https://human.libretexts.org/Bookshelves/Music/Music_Theory/Understanding_Basic_Music_Theory_(Schmidt-Jones)/05%3A_The_Physical_Basis/5.03%3A_Harmonic_Series_I-_Timbre_and_Octaves
https://human.libretexts.org/Bookshelves/Music/Music_Theory/Understanding_Basic_Music_Theory_(Schmidt-Jones)/08%3A_Challenges/8.03%3A_Modes_and_Ragas	200	text/html; charset=utf-8	151541	https://human.libretexts.org/Bookshelves/Music/Music_Theory/Understanding_Basic_Music_Theory_(Schmidt-Jones)/08%3A_Challenges/8.03%3A_Modes_and_Ragas
https://ich.unesco.org/en/Decisions/15.COM/8.b.15	200	text/html; charset=UTF-8	131797	https://ich.unesco.org/en/Decisions/15.COM/8.b.15
https://ich.unesco.org/en/RL/chamame-01600	200	text/html; charset=UTF-8	152869	https://ich.unesco.org/en/RL/chamame-01600
https://journals.openedition.org/volume/1735?lang=fr	200	text/html; charset=utf-8	5274	https://journals.openedition.org/volume/1735?lang=fr
https://journals.openedition.org/volume/2228	200	text/html; charset=utf-8	5275	https://journals.openedition.org/volume/2228
https://locus.ufv.br/items/7f9ef903-81fb-4283-9a45-d075620cfa95	200	text/html; charset=utf-8	495900	https://locus.ufv.br/items/7f9ef903-81fb-4283-9a45-d075620cfa95
https://lume.ufrgs.br/bitstream/handle/10183/61206/000863881.pdf?sequence=1	200	application/pdf;charset=ISO-8859-1	2684882	https://lume.ufrgs.br/bitstream/handle/10183/61206/000863881.pdf?sequence=1
https://lume.ufrgs.br/handle/10183/102212	200	text/html;charset=utf-8	41348	https://lume.ufrgs.br/handle/10183/102212
https://mediatheque.philharmoniedeparis.fr/mediatheque/doc/ALOES/0803912/les-plus-belles-valses-musette-par-leurs-plus-grands-interpretes-paris-1930-1943-the-greatest-classi?_lg=fr-FR	200	text/html	538093	https://mediatheque.philharmoniedeparis.fr/mediatheque/doc/ALOES/0803912/les-plus-belles-valses-musette-par-leurs-plus-grands-interpretes-paris-1930-1943-the-greatest-classi?_lg=fr-FR
https://musica.ufma.br/bordini/ext/unidades/unidades.html	200	text/html; charset=ISO-8859-1	10400	https://musica.ufma.br/bordini/ext/unidades/unidades.html
https://musictheory.pugetsound.edu/mt21c/meter.html	200	text/html; charset=UTF-8	106191	https://musictheory.pugetsound.edu/mt21c/meter.html
https://new.scielo.br/j/opus/a/3rmH5mZ4JhswLg5CLxhKsht/?lang=pt	200	text/html; charset=utf-8	178837	https://new.scielo.br/j/opus/a/3rmH5mZ4JhswLg5CLxhKsht/?lang=pt
https://ojs.uel.br/revistas/uel/index.php/estacaoliteraria/article/view/44921	200	text/html; charset=utf-8	51141	https://ojs.uel.br/revistas/uel/index.php/estacaoliteraria/article/view/44921
https://orthodoxartsjournal.org/znamenny-chant-for-the-21st-century/	200	text/html; charset=UTF-8	172194	https://orthodoxartsjournal.org/znamenny-chant-for-the-21st-century/
https://periodicos.ufmg.br/index.php/permusi/article/view/39696	200	text/html; charset=utf-8	44739	https://periodicos.ufmg.br/index.php/permusi/article/view/39696
https://pressto.amu.edu.pl/index.php/ism/article/download/43462/36110	200	application/pdf	2938209	https://pressto.amu.edu.pl/index.php/ism/article/download/43462/36110
https://pt.scribd.com/doc/305232711/SAMBA-MUSICA-INSTRUMENTAL-E-O-VIOLAO-DE-BADEN-POWELL	200	text/html; charset=utf-8	3038	https://pt.scribd.com/doc/305232711/SAMBA-MUSICA-INSTRUMENTAL-E-O-VIOLAO-DE-BADEN-POWELL
https://pt.scribd.com/document/407636132/Fandango-caicara	200	text/html; charset=utf-8	3038	https://pt.scribd.com/document/407636132/Fandango-caicara
https://pt.scribd.com/document/466322502/Maria-Haro-Dissertacao	200	text/html; charset=utf-8	3038	https://pt.scribd.com/document/466322502/Maria-Haro-Dissertacao
https://rbec.ect.ufrn.br/data/_uploaded/artigo/N2/RBEC_N2_A16.pdf	200	application/pdf	204333	https://rbec.ect.ufrn.br/data/_uploaded/artigo/N2/RBEC_N2_A16.pdf
https://repositorio.uca.edu.ar/bitstream/123456789/1309/1/revista-instituto-carlos-vega-31.pdf	200	application/pdf	7008448	https://repositorio.uca.edu.ar/bitstream/123456789/1309/1/revista-instituto-carlos-vega-31.pdf
https://repositorio.ufu.br/handle/123456789/49660	200	text/html;charset=UTF-8	33531	https://repositorio.ufu.br/handle/123456789/49660
https://revistas.ufg.br/musica/article/view/47343	200	text/html; charset=utf-8	47244	https://revistas.ufg.br/musica/article/view/47343
https://revistas.um.es/flamenco/article/download/179601/150851/655061	200	application/pdf	191329	https://revistas.um.es/flamenco/article/download/179601/150851/655061
https://revistas.um.es/flamenco/article/download/284241/223281/1082081	200	application/pdf	1121347	https://revistas.um.es/flamenco/article/download/284241/223281/1082081
https://revistas.usp.br/eav/article/view/137899	200	text/html; charset=utf-8	30784	https://revistas.usp.br/eav/pt_BR/article/view/137899
https://revistas.usp.br/revistadatulha/article/view/121319	200	text/html; charset=utf-8	42973	https://revistas.usp.br/revistadatulha/pt_BR/article/view/121319
https://rpm-ns.pt/index.php/rpm/article/download/383/679/1365	200	application/pdf	1898918	https://rpm-ns.pt/index.php/rpm/article/download/383/679/1365
https://sedici.unlp.edu.ar/bitstream/handle/10915/173486/Documento_completo.pdf?sequence=1&isAllowed=y	200	application/pdf	8418241	https://sedici.unlp.edu.ar/bitstream/handle/10915/173486/Documento_completo.pdf?sequence=1&isAllowed=y
https://sites.nd.edu/choral-lit/files/2018/08/Mazo-Les-Noces-and-Wedding-Ritual.pdf	200	application/pdf	4766045	https://sites.nd.edu/choral-lit/files/2018/08/Mazo-Les-Noces-and-Wedding-Ritual.pdf
https://tamucc.pressbooks.pub/stepstomusictheory/chapter/more-rhythm-meter/	200	text/html; charset=UTF-8	203939	https://odp.library.tamu.edu/stepstomusictheory/chapter/more-rhythm-meter/
https://teses.usp.br/teses/disponiveis/27/27157/tde-07032013-145429/pt-br.html	000		0	https://teses.usp.br/teses/disponiveis/27/27157/tde-07032013-145429/pt-br.html
https://teses.usp.br/teses/disponiveis/27/27157/tde-11092018-162324/publico/CIBELEPALOPOLIVC.pdf	000		0	https://teses.usp.br/teses/disponiveis/27/27157/tde-11092018-162324/publico/CIBELEPALOPOLIVC.pdf
https://teses.usp.br/teses/disponiveis/27/27157/tde-22092015-112350/publico/ROBERTONUNESCORREA.pdf	000		0	https://teses.usp.br/teses/disponiveis/27/27157/tde-22092015-112350/publico/ROBERTONUNESCORREA.pdf
https://teses.usp.br/teses/disponiveis/27/27161/tde-23042026-132613/publico/WilsonRogerioCorradiniGeraldoPPGMPAVersaoCorrigida13044084.pdf	000		0	https://teses.usp.br/teses/disponiveis/27/27161/tde-23042026-132613/publico/WilsonRogerioCorradiniGeraldoPPGMPAVersaoCorrigida13044084.pdf
https://tesiunamdocumentos.dgb.unam.mx/ptd2009/abril/0641940/0641940_A1.pdf	200	application/pdf	978050	https://tesiunamdocumentos.dgb.unam.mx/ptd2009/abril/0641940/0641940_A1.pdf
https://uen.pressbooks.pub/auralskills/chapter/3s-2s-across-the-beat/	200	text/html; charset=UTF-8	98413	https://uen.pressbooks.pub/auralskills/chapter/3s-2s-across-the-beat/
https://ufsj.edu.br/portal2-repositorio/File/mestradoeducacao/DissertacaoLeandroDrumondMarinho.pdf	200	application/pdf	4411058	https://ufsj.edu.br/portal2-repositorio/File/mestradoeducacao/DissertacaoLeandroDrumondMarinho.pdf
https://viva.pressbooks.pub/openmusictheory/chapter/compound-meter-and-time-signatures/	404	text/html; charset=UTF-8	54480	https://viva.pressbooks.pub/openmusictheory/chapter/compound-meter-and-time-signatures/
https://viva.pressbooks.pub/openmusictheory/chapter/compound-meters-and-time-signatures/	200	text/html; charset=UTF-8	303989	https://viva.pressbooks.pub/openmusictheory/chapter/compound-meters-and-time-signatures/
https://viva.pressbooks.pub/openmusictheory/chapter/diatonic-modes/	200	text/html; charset=UTF-8	228133	https://viva.pressbooks.pub/openmusictheory/chapter/diatonic-modes/
https://viva.pressbooks.pub/openmusictheory/chapter/embellishing-tones/	200	text/html; charset=UTF-8	218415	https://viva.pressbooks.pub/openmusictheory/chapter/embellishing-tones/
https://viva.pressbooks.pub/openmusictheory/chapter/intervals/	200	text/html; charset=UTF-8	421080	https://viva.pressbooks.pub/openmusictheory/chapter/intervals/
https://viva.pressbooks.pub/openmusictheory/chapter/intro-to-diatonic-modes-and-the-chromatic-scale/	200	text/html; charset=UTF-8	227659	https://viva.pressbooks.pub/openmusictheory/chapter/intro-to-diatonic-modes-and-the-chromatic-scale/
https://viva.pressbooks.pub/openmusictheory/chapter/major-scales-scale-degrees-and-key-signatures/	404	text/html; charset=UTF-8	54877	https://viva.pressbooks.pub/openmusictheory/chapter/major-scales-scale-degrees-and-key-signatures/
https://viva.pressbooks.pub/openmusictheory/chapter/metrical-dissonance/	200	text/html; charset=UTF-8	227694	https://viva.pressbooks.pub/openmusictheory/chapter/metrical-dissonance/
https://viva.pressbooks.pub/openmusictheory/chapter/minor-scales-scale-degrees-and-key-signatures/	200	text/html; charset=UTF-8	390007	https://viva.pressbooks.pub/openmusictheory/chapter/minor-scales/
https://viva.pressbooks.pub/openmusictheory/chapter/other-rhythmic-essentials/	200	text/html; charset=UTF-8	269070	https://viva.pressbooks.pub/openmusictheory/chapter/other-rhythmic-essentials/
https://viva.pressbooks.pub/openmusictheory/chapter/rhythm-and-meter-in-pop-music/	200	text/html; charset=UTF-8	207838	https://viva.pressbooks.pub/openmusictheory/chapter/rhythm-and-meter-in-pop-music/
https://viva.pressbooks.pub/openmusictheory/chapter/seventh-chords/	200	text/html; charset=UTF-8	304051	https://viva.pressbooks.pub/openmusictheory/chapter/seventh-chords/
https://viva.pressbooks.pub/openmusictheory/chapter/simple-meter-and-time-signatures/	200	text/html; charset=UTF-8	311060	https://viva.pressbooks.pub/openmusictheory/chapter/simple-meter-and-time-signatures/
https://viva.pressbooks.pub/openmusictheory/chapter/triads/	200	text/html; charset=UTF-8	344990	https://viva.pressbooks.pub/openmusictheory/chapter/triads/
https://www.academia.edu/34267296/The_Immigrant_Portuguese_Guitar_Destination_Ontario	403	text/html; charset=UTF-8	5821	https://www.academia.edu/34267296/The_Immigrant_Portuguese_Guitar_Destination_Ontario
https://www.bnf.fr/fr/bnf-collection-sonore	200	text/html; charset=UTF-8	207405	https://www.bnf.fr/fr/bnf-collection-sonore
https://www.chanson-realiste.com/	000		0	https://www.chanson-realiste.com/
https://www.compos.org.br/data/arquivos_2018/trabalhos_arquivo_2HGZCUNLPQGPMCYFK3VG_27_6811_22_02_2018_12_52_01.pdf	404	text/html; charset=UTF-8	68520	https://compos.org.br/data/arquivos_2018/trabalhos_arquivo_2HGZCUNLPQGPMCYFK3VG_27_6811_22_02_2018_12_52_01.pdf
https://www.fd.uc.pt/alumni/pdf/newsletter/alumni_9.pdf	200	application/pdf	893200	https://www.fd.uc.pt/alumni/pdf/newsletter/alumni_9.pdf
https://www.flamencolive.com/libreria/products.pdf	200	application/pdf	8558603	https://www.flamencolive.com/libreria/products.pdf
https://www.gov.br/iphan/pt-br/assuntos/noticias/DossietcnicodoChoro.pdf	200	text/html; charset=utf-8	704123	https://www.gov.br/iphan/pt-br/assuntos/noticias/DossietcnicodoChoro.pdf
https://www.gov.br/iphan/pt-br/assuntos/noticias/matrizes-tradicionais-do-forro-ganham-plano-de-salvaguarda	401	text/html; charset=utf-8	152654	https://www.gov.br/iphan/pt-br/assuntos/noticias/matrizes-tradicionais-do-forro-ganham-plano-de-salvaguarda
https://www.gov.br/iphan/pt-br/assuntos/noticias/sobre-o-forro	404	text/html; charset=utf-8	150603	https://www.gov.br/iphan/pt-br/assuntos/noticias/sobre-o-forro
https://www.iar.unicamp.br/wp-content/uploads/2021/07/V2_ED03_A1_BossaNova.pdf	200	application/pdf	118803	https://www.iar.unicamp.br/wp-content/uploads/2021/07/V2_ED03_A1_BossaNova.pdf
https://www.icgilbertoluizalves.com.br/imagens/galeriapdf/a-assimila-o-dos-g-neros-polca-paraguaia-guar-nia-e-chamam-no-brasil-e-suas-transforma-es-estruturais-site-241138.pdf	200	application/pdf	767724	https://www.icgilbertoluizalves.com.br/imagens/galeriapdf/a-assimila-o-dos-g-neros-polca-paraguaia-guar-nia-e-chamam-no-brasil-e-suas-transforma-es-estruturais-site-241138.pdf
https://www.juntadeandalucia.es/aaiicc/flamenco/content/ap%C3%A9ndice-grabaciones	200	text/html; charset=utf-8	35618	https://www.juntadeandalucia.es/aaiicc/flamenco/content/ap%C3%A9ndice-grabaciones
https://www.juntadeandalucia.es/aaiicc/flamenco/content/cantes-de-comp%C3%A1s-mixto	200	text/html; charset=utf-8	38866	https://www.juntadeandalucia.es/aaiicc/flamenco/content/cantes-de-comp%C3%A1s-mixto
https://www.juntadeandalucia.es/aaiicc/flamenco/content/seguiriyas	200	text/html; charset=utf-8	134835	https://www.juntadeandalucia.es/aaiicc/flamenco/content/seguiriyas
https://www.juntadeandalucia.es/aaiicc/flamenco/node/2241	200	text/html; charset=utf-8	39877	https://www.juntadeandalucia.es/aaiicc/flamenco/node/2241
https://www.juntadeandalucia.es/aaiicc/flamenco/node/2243	200	text/html; charset=utf-8	36281	https://www.juntadeandalucia.es/aaiicc/flamenco/node/2243
https://www.juntadeandalucia.es/cultura/flamenco/sites/default/files/flamenco/docs/gestion_cultural_materiales_didacticos.pdf	200	application/pdf	6032155	https://www.juntadeandalucia.es/aaiicc/flamenco/sites/default/files/flamenco/docs/gestion_cultural_materiales_didacticos.pdf
https://www.juntadeandalucia.es/cultura/flamenco/sites/default/files/flamenco/docs/tercera_parte_didactica.pdf	200	application/pdf	1073750	https://www.juntadeandalucia.es/aaiicc/flamenco/sites/default/files/flamenco/docs/tercera_parte_didactica.pdf
https://www.laguitarra-blog.com/wp-content/uploads/2012/05/acerca-de-la-cadencia-frigiala-cadencia-andaluza-y-la-tonalidad-menor.pdf	200	application/pdf	192958	https://www.laguitarra-blog.com/wp-content/uploads/2012/05/acerca-de-la-cadencia-frigiala-cadencia-andaluza-y-la-tonalidad-menor.pdf
https://www.loc.gov/item/hlas-bi2006003224/	403	text/html; charset=UTF-8	5709	https://www.loc.gov/item/hlas-bi2006003224/
https://www.melodigging.com/genre/flamenco-guitar	200	text/html; charset=utf-8	233050	https://www.melodigging.com/genre/flamenco-guitar
https://www.melodigging.com/genre/flamenco-urbano	200	text/html; charset=utf-8	329900	https://www.melodigging.com/genre/flamenco-urbano
https://www.meloteca.com/wp-content/uploads/2019/03/o-fado-que-nos-cantamos.pdf	200	application/pdf	242082	https://www.meloteca.com/wp-content/uploads/2019/03/o-fado-que-nos-cantamos.pdf
https://www.museudofado.pt/	200	text/html; charset=UTF-8	266868	https://www.museudofado.pt/
https://www.museudofado.pt/fotos/editor2/escola_do_museu/plano_curricular_do_curso_de_guitarra_portuguesa.pdf	200	application/pdf	49807	https://www.museudofado.pt/fotos/editor2/escola_do_museu/plano_curricular_do_curso_de_guitarra_portuguesa.pdf
https://www.musictheory.net/lessons/15	200	text/html	1509	https://www.musictheory.net/lessons/15
https://www.paginadogaucho.com.br/danc/	404	text/html; charset=iso-8859-1	315	https://www.paginadogaucho.com.br/danc/
https://www.pravenc.ru/text/%D0%B7%D0%BD%D0%B0%D0%BC%D0%B5%D0%BD%D0%BD%D0%BE%D0%B3%D0%BE%20%D1%80%D0%B0%D1%81%D0%BF%D0%B5%D0%B2%D0%B0.html	200	text/html; charset=utf-8	169592	https://www.pravenc.ru/text/%D0%B7%D0%BD%D0%B0%D0%BC%D0%B5%D0%BD%D0%BD%D0%BE%D0%B3%D0%BE%20%D1%80%D0%B0%D1%81%D0%BF%D0%B5%D0%B2%D0%B0.html
https://www.redalyc.org/journal/7876/787682987003/html/	200	text/html	68030	https://www.redalyc.org/journal/7876/787682987003/html/
https://www.researchgate.net/publication/303020284_LA_ORIGINALIDAD_MUSICAL_DEL_FLAMENCO_EL_COMPAS	403	text/html; charset=UTF-8	21117	https://www.researchgate.net/publication/303020284_LA_ORIGINALIDAD_MUSICAL_DEL_FLAMENCO_EL_COMPAS
https://www.revistas.unam.mx/index.php/archipielago/article/view/55828	403	text/html; charset=UTF-8	5747	https://www.revistas.unam.mx/index.php/archipielago/article/view/55828
https://www.scielo.br/j/ea/a/3vCjJ4zRbrRpgg8BCpqzpVc/?format=html&lang=pt	200	text/html; charset=utf-8	150674	https://www.scielo.br/j/ea/a/3vCjJ4zRbrRpgg8BCpqzpVc/?format=html&lang=pt
https://www.scielo.br/j/opus/a/3rmH5mZ4JhswLg5CLxhKsht/?lang=pt	200	text/html; charset=utf-8	179524	https://www.scielo.br/j/opus/a/3rmH5mZ4JhswLg5CLxhKsht/?lang=pt
https://www.scielo.br/j/pm/a/6sW6mgh4bZhTRngXKxnRygH/?lang=pt	200	text/html; charset=utf-8	153667	https://www.scielo.br/j/pm/a/6sW6mgh4bZhTRngXKxnRygH/?lang=pt
https://www.scielo.br/j/pm/a/9KdPQTTrFLLQPkH6KmX5JVt/?lang=pt	200	text/html; charset=utf-8	124431	https://www.scielo.br/j/pm/a/9KdPQTTrFLLQPkH6KmX5JVt/?lang=pt
https://www.scribd.com/document/1008695517/The-Guitar-Review-1946-1948-Vol-1-Iss-1-6	200	text/html; charset=utf-8	3038	https://www.scribd.com/document/1008695517/The-Guitar-Review-1946-1948-Vol-1-Iss-1-6
https://www.scribd.com/document/337508617/Escalas	200	text/html; charset=utf-8	3038	https://www.scribd.com/document/337508617/Escalas
https://www.scribd.com/document/369685160/Fernando-Rios-Bolero-Trios-Mestizo-Panpipe-Ensembles-And-Bolivia-s-1952-Revolution-Urban-La-Paz-Musicians-and-the-Nationalist-Revolutionary-Movem	200	text/html; charset=utf-8	3038	https://www.scribd.com/document/369685160/Fernando-Rios-Bolero-Trios-Mestizo-Panpipe-Ensembles-And-Bolivia-s-1952-Revolution-Urban-La-Paz-Musicians-and-the-Nationalist-Revolutionary-Movem
https://www.scribd.com/document/536189536/The-Diatonic-Harp-in-the-Performance-of-Paraguayan-Identity	200	text/html; charset=utf-8	3038	https://www.scribd.com/document/536189536/The-Diatonic-Harp-in-the-Performance-of-Paraguayan-Identity
https://www.seer.fundarte.rs.gov.br/RevistadaFundarte/en/article/download/757/pdf_74/1797	302	text/html; charset=utf-8	0	https://www.seer.fundarte.rs.gov.br/RevistadaFundarte/en/article/download/757/pdf_74/1797
https://www.teses.usp.br/teses/disponiveis/47/47134/tde-14062011-163614/publico/vilela_do.pdf	000		0	https://www.teses.usp.br/teses/disponiveis/47/47134/tde-14062011-163614/publico/vilela_do.pdf
https://www.tiennetsimonnin.fr/articles/gen%C3%A8se-et-mutations-du-bal-musette-parisien/	200	text/html; charset=UTF-8	137369	https://www.tiennetsimonnin.fr/articles/gen%C3%A8se-et-mutations-du-bal-musette-parisien/
https://www.uc.pt/ruas/actas/3_textos_gerais.pdf	403	text/html	2182	https://www.uc.pt/ruas/actas/3_textos_gerais.pdf
https://www.ufsm.br/cursos/graduacao/santa-maria/musica/wp-content/uploads/sites/485/2018/12/Teoria-Elementar-2013-1-1.pdf	200	application/pdf	2982063	https://www.ufsm.br/app/uploads/sites/485/2018/12/Teoria-Elementar-2013-1-1.pdf
https://www.ugr.es/~berlanga/captulo_4_el_comps_y_la_sonoridad_flamenca.html	200	text/html	23092	https://www.ugr.es/~berlanga/captulo_4_el_comps_y_la_sonoridad_flamenca.html
https://www.ugr.es/~berlanga/captulo_4b_la_sonoridad_flamenca.html	200	text/html	12278	https://www.ugr.es/~berlanga/captulo_4b_la_sonoridad_flamenca.html
https://www.unicamp.br/unicamp/ju/632/noel-rosa-joao-gilberto-e-prosodia-em-cancoes	404	text/html; charset=iso-8859-1	196	https://www2.unicamp.br/unicamp/ju/632/noel-rosa-joao-gilberto-e-prosodia-em-cancoes
https://www.unirio.br/cla/ivl/cursos/anitaugarte.pdf	200	application/pdf	368492	https://www.unirio.br/cla/ivl/cursos/anitaugarte.pdf
https://www.unirio.br/mpb/ulhoatextos/MusicaSertaneja.pdf	200	application/pdf	88520	https://www.unirio.br/mpb/ulhoatextos/MusicaSertaneja.pdf
https://www.utupub.fi/bitstream/10024/73894/1/AnnalesB340Harri.pdf	403	text/html; charset=UTF-8	5749	https://www.utupub.fi/bitstream/10024/73894/1/AnnalesB340Harri.pdf
https://www4.fba.unlp.edu.ar/jidap2022/wp-content/uploads/sites/4/2022/11/26.-TROITINO.pdf	200	application/pdf	551845	https://www4.fba.unlp.edu.ar/jidap2022/wp-content/uploads/sites/4/2022/11/26.-TROITINO.pdf
https://yorkspace.library.yorku.ca/items/930394d5-c5cc-442c-8139-53395c3e3c91	200	text/html; charset=utf-8	410182	https://yorkspace.library.yorku.ca/items/930394d5-c5cc-442c-8139-53395c3e3c91
