indice	titulo	url
0	O Ecossistema da Perícia Médica no Brasil: Marco Normativo, Avaliação Biopsicossocial, Jurisprudência Consolidada e Protocolos Forenses	
1	CONSELHO FEDERAL DE MEDICINA SGAS Quadra 616 Conjunto D, lote 115, L2 Sul | Fone: (61) 3445-5900 Bairro: Asa Sul, Brasília/DF -	https://sistemas.cfm.org.br/normas/arquivos/resolucoes/BR/2025/2430_2025.pdf
2	Anexo IV - Metas Fiscais IV.6 – Impacto Fiscal das Recomendações Resultantes da Avaliação de Políticas Públicas Projeto de Lei de Diretrizes Orçamentárias para 2027 - Portal Gov.br	http://www.gov.br/planejamento/pt-br/assuntos/orcamento/orcamentos-anuais/2027/pldo/anexo_iv-06-_impacto_fiscal_das_recomendacoes_resultantes_da_avaliacao_de_politicas_publicas.pdf/@@display-file/file
3	Em decisão unânime, TCU reconhece a legalidade do Atesta CFM | Portal Médico	https://portal.cfm.org.br/noticias/em-decisao-unanime-tcu-reconhece-a-legalidade-do-atesta-cfm/
4	análise da aplicação do índice de funcionalidade brasileiro modificado em requerentes do benefício de	https://www.gov.br/mdh/pt-br/navegue-por-temas/pessoa-com-deficiencia/acoes-e-programas/avaliacao-biopsicossocial/grupo-de-trabalho-sobre-a-avaliacao-biopsicossocial-de-2020/Doc.09AnlisedaAplicaodondicedeFuncionalidadeBrasileiroModificadoemRequerentesdoBenefciodePrestaoContinuadaPessoaComDeficinciaUnimar.pdf
5	CADERNO TEMÁTICO DO PROGRAMA SAÚDE NA ESCOLA - O QUE É DEFICIÊNCIA - Portal Gov.br	https://www.gov.br/saude/pt-br/acesso-a-informacao/participacao-social/consultas-publicas/2026/revisao-e-atualizacao-do-caderno-tematico-do-programa-saude-na-escola-pse-o-que-e-deficiencia/caderno-da-consulta-publica
6	06/07/2026 - Jurisprudência do STJ	https://scon.stj.jus.br/SCON/jurisprudencia/toc.jsp?O=JT&b=ACOR&livre=202103189031.REG.%20E%2006/07/2026.FONT.
7	RE 1469150 (Tema 1.300) - STF	https://www.stf.jus.br/arquivo/cms/noticiaNoticiaStf/anexo/Info_RE1469150FINAL.pdf
8	Resolução fixa honorários de peritos em casos de gratuidade da Justiça - Portal CNJ	https://www.cnj.jus.br/resolucao-fixa-honorarios-de-peritos-em-casos-de-gratuidade-da-justica/
9	RESOLUÇÃO CFM Nº 2.297/2021	https://sistemas.cfm.org.br/normas/arquivos/resolucoes/BR/2021/2297_2021.pdf
10	Lcp 207 - Planalto	https://www.planalto.gov.br/ccivil_03/leis/lcp/lcp207.htm
11	Resolução é atualizada | Portal Médico - CFM	https://portal.cfm.org.br/noticias/resolucao-e-atualizada/
12	STF valida concessão do auxílio por incapacidade temporária sem necessidade de perícia médica presencial	https://portal.stf.jus.br/noticias/verNoticiaDetalhe.asp?idConteudo=477205&ori=1
13	RECURSO ESPECIAL Nº 2246096 - MG(2025/0463818-9) EMENTA PROCESSUAL CIVIL E PREVIDENCIÁRIO. APOSENTADORIA POR INVALIDEZ. AUXÍL - Jurisprudência do STJ	https://scon.stj.jus.br/SCON/GetInteiroTeorDoAcordao?num_registro=202504638189&dt_publicacao=30/04/2026
14	2023 — Instituto Nacional do Seguro Social - INSS - Portal Gov.br	https://www.gov.br/inss/pt-br/centrais-de-conteudo/legislacao/portarias-conjuntas/2023
15	Altera a Portaria de Consolidação GM/MS nº 5, de 28 de setembro de 2017, e atualiza a Lista de Doenças Relacionadas ao Trabalho (LDRT). – Biblioteca Jurídica	http://bibliotecajuridica.des.sp.gov.br/legislacao/portaria-ms-gm-no-5-674-de-01-11-2024-altera-a-portaria-de-consolidacao-gm-ms-no-5-de-28-de-setembro-de-2017-e-atualiza-a-lista-de-doencas-relacionadas-ao-trabalho-ldrt/
16	Manual de Licença por Motivo de Saúde (Empregado Celetista e Estatutários Lei 1.395/2023) – CGGP - CGGP/CPS - Centro Paula Souza	https://cggp.cps.sp.gov.br/manuais/licenca-saude-celetista/
17	Portaria Conjunta nº 12, de 11 de dezembo de 2023 - Polícia Penal	https://www.policiapenal.go.gov.br/atos-normativos/atos-internos/portaria-conjunta-no-12-de-11-de-dezembo-de-2023.html
18	06/11/2025 - Jurisprudência do STJ	https://scon.stj.jus.br/SCON/jurisprudencia/toc.jsp?O=JT&b=ACOR&livre=202003034248.REG.%20E%2006/11/2025.FONT.
19	Instituto Nacional do Seguro Social — INSS - Subsecretaria de Modernização do Atendimento Imediato ao Cidadão - Na Hora	https://www.nahora.df.gov.br/instituto-nacional-do-seguro-social-inss
20	Relator homologa acordo sobre prazos para análises de benefícios do INSS - STF	https://portal.stf.jus.br/noticias/verNoticiaDetalhe.asp?idConteudo=456875&ori=1
21	Symptom exaggeration and symptom validity testing in persons with medically unexplained neurologic presentations - PMC	https://pmc.ncbi.nlm.nih.gov/articles/PMC5764424/
22	Malingering / Symptom Validity: 7 Proven Assessment Strategies - Psychiatry Experts	https://psychiatryexperts.co.uk/expert-witness-reports/personal-injury/malingering-symptom-validity/
23	CONSELHO NACIONAL DOS DIREITOS DA PESSOA COM DEFICIÊNCIA Edifício Parque Cidade Corporate, SCS Quadra 09, Lote C, Torre A, 8º - Portal Gov.br	https://www.gov.br/participamaisbrasil/blob/baixar/6900
24	Audiência debate regulamentação de atividades e honorários de peritos - Portal CNJ	https://www.cnj.jus.br/audiencia-debate-regulamentacao-de-atividades-e-honorarios-de-peritos/
25	Documentos — Ministério dos Direitos Humanos e da Cidadania - Portal Gov.br	https://www.gov.br/mdh/pt-br/prevencao-e-combate-a-tortura/documentos
26	STJ - Jurisprudência do STJ	https://scon.stj.jus.br/SCON/jurisprudencia/toc.jsp?O=JT&b=ACOR&livre=202000640584.REG.%20E%2018/10/2021.FONT.
27	STF confirma validade de alta programada do auxílio-doença	https://noticias.stf.jus.br/postsnoticias/stf-confirma-validade-de-alta-programada-do-auxilio-doenca/
28	Tema 1066 - Supremo Tribunal Federal	https://portal.stf.jus.br/jurisprudenciaRepercussao/tema.asp?num=1066
29	CONSELHO REGIONAL DE MEDICINA DO RIO GRANDE DO NORTE 1 EMENTA: “É válida a emissão de Atestado Médico realizada por médic - CFM	https://sistemas.cfm.org.br/normas/arquivos/pareceres/RN/2025/3_2025.pdf
30	A Review of Approaches to Detecting Malingering in Forensic Contexts and Promising Cognitive Load-Inducing Lie Detection Techniques - PMC	https://pmc.ncbi.nlm.nih.gov/articles/PMC6308182/
31	Full article: Cry for help as a root cause of poor symptom validity: A critical note	https://www.tandfonline.com/doi/full/10.1080/23279095.2022.2040025
32	Malingering and uncooperativeness in psychiatric and psychological assessment: Prevalence and effects in a German sample of claimants - Green's Publishing	https://wordmemorytest.com/DAUBERT/Stevens_2008_WMT_MSVT_VARIANCE_EFFORT.pdf
33	Informe Eletrônico de Legislação em Saúde nº 192 - 17/10/2023 - Secretaria da Saúde - Governo do Estado de São Paulo	http://www.saude.sp.gov.br/ses/legislacao/informe-eletronico-de-legislacao-em-saude/acessar-os-informes-eletronicos/2023/outubro/informe-eletronico-de-legislacao-em-saude-n-192-17102023
34	Redução da fila do INSS para concessão de benefício por incapacidade temporária	https://repositorio.enap.gov.br/bitstream/1/9868/5/Grupo%205%20-%20Elogovers_%20Redu%C3%A7%C3%A3o%20da%20fila%20do%20INSS%20para%20concess%C3%A3o%20de%20benef%C3%ADcio%20por%20incapacidade%20tempor%C3%A1ria%201.pdf
35	CNJ revê honorários de antropólogos em processos que envolvem indígenas	https://www.cnj.jus.br/cnj-reve-honorarios-de-antropologos-em-processos-que-envolvem-indigenas/
36	Alteração do cálculo da aposentadoria por doença grave pela Reforma da Previdência é válida, decide STF	https://noticias.stf.jus.br/postsnoticias/alteracao-do-calculo-da-aposentadoria-por-doenca-grave-pela-reforma-da-previdencia-e-valida-decide-stf/
37	CFM lança plataforma para combater atestados médicos falsos	https://portal.cfm.org.br/noticias/atesta-cfm-plataforma-lancada-pelo-cfm-para-combater-atestados-medicos-falsos-passa-a-valer-dia-5-de-novembro/
38	Protocolo Facultativo à Convenção contra a Tortura e outros Tratamentos ou Penas Cruéis, Desumanos ou Degradantes Visita ao	https://www.justica.pr.gov.br/sites/default/arquivos_restritos/files/documento/2019-08/2016relatoriotorturasptpt.pdf
39	Sistema Nacional de Prevenção e Combate à Tortura — Ministério dos Direitos Humanos e da Cidadania - Portal Gov.br	https://www.gov.br/mdh/pt-br/prevencao-e-combate-a-tortura/coordenacao
40	recurso especial nº 1913152 - sp (2020/0341176-2) - Jurisprudência do STJ	https://scon.stj.jus.br/SCON/GetInteiroTeorDoAcordao?num_registro=202003411762&dt_publicacao=06/11/2025
41	plp233 - Planalto	http://www.planalto.gov.br/CCIVIL_03/Projetos/Ato_2023_2026/2023/PLP/plp-233.htm
42	SP (2018/0090969-7) RELATOR : MINISTRO FRANCISCO FALCÃO AGRAVANTE - Jurisprudência do STJ	https://scon.stj.jus.br/SCON/GetInteiroTeorDoAcordao?num_registro=201800909697&dt_publicacao=17/11/2020
43	Jurisprudência do STJ	https://scon.stj.jus.br/SCON/pesquisar.jsp?b=ACOR&O=RR&preConsultaPP=6636/0&thesaurus=JURIDICO&p=true&tp=T
44	Documento:900000297903 - :: eproc - Jurisprudência :: - CJF	https://eproctnu-jur.cjf.jus.br/eproc/externo_controlador.php?acao=jurisprudencia@jurisprudencia/download_inteiro_teor&id_jurisprudencia=771765565869822213503086959115
45	O que você procura? - Supremo Tribunal Federal	https://portal.stf.jus.br/jurisprudenciaRepercussao/verAndamentoProcesso.asp?incidente=5573573&numeroProcesso=1171152&classeProcesso=RE&numeroTema=1066
46	Repercussão Geral - Supremo Tribunal Federal	https://portal.stf.jus.br/jurisprudenciaRepercussao/verPronunciamento.asp?pronunciamento=9715253
47	RESOLUÇÃO CFM Nº 2.183/2018	https://sistemas.cfm.org.br/normas/arquivos/resolucoes/BR/2018/2183_2018.pdf
48	RESOLUÇÃO N. 487, DE 15 DE FEVEREIRO DE 2023. Institui a Política Antimanicomial do Poder Judiciário e estabelece procedimen - atos do CNJ	https://www.saude.sc.gov.br/index.php/pt/legislacao/legislacao-geral/portarias/resolucao-n-487-de-15-de-fevereiro-de-2023/download
49	Conselheira do CFM reforça a vedação contra a presença de assistentes técnicos não médicos em perícias médicas	https://portal.cfm.org.br/noticias/conselheira-do-cfm-reforca-a-vedacao-contra-a-presenca-de-assistentes-tecnicos-nao-medicos-em-pericias-medicas/
50	DIÁRIO OFICIAL DA UNIÃO - Sigepe Legis	https://legis.sigepe.gov.br/sigepe-bgp-ws-legis/legis-service/download/?id=0014717585-ALPDF/2023
51	PROCESSUAL CIVIL. PREVIDENCIÁRIO. RECURSO ESPECIAL	https://scon.stj.jus.br/SCON/GetInteiroTeorDoAcordao?num_registro=202003388788&dt_publicacao=06/11/2025
52	aposentadoria – invalidez – doenças graves – rol da lei complementar nº 4/90, do estado de mato grosso, natureza exemplificativa admitida na origem – repercussão geral configurada. - Supremo Tribunal Federal	https://portal.stf.jus.br/jurisprudenciaRepercussao/verPronunciamento.asp?pronunciamento=3902645
53	2430_2016.pdf - CFM	https://sistemas.cfm.org.br/normas/visualizar/pareceres/SC/2016/2430
54	Simore.gov | Página de Início - Ministério dos Direitos Humanos e da Cidadania	https://simore.mdh.gov.br/Home/Resultado?ODS=18&page=12
55	TOR 12_Protocolo de Istambul_PNUD 16 020 - Portal Gov.br	https://www.gov.br/mdh/pt-br/navegue-por-temas/cooperacao-internacional/editais/editais-2018-1/Edital12_ProtocolodeIstambul_PNUD16020.pdf
56	Simore.gov | Página de Início - Ministério dos Direitos Humanos e da Cidadania	https://simore.mdh.gov.br/Home/Resultado?IdMeta=150&page=18
57	Introduction to Malingering – Performance and Symptom Validity Testing Rachyll Dempsey, PsyD, ABPP, QME Level Introductory - FMHAC	https://www.fmhac.org/uploads/1/2/4/4/124447122/dempsey.pdf
58	The Relation Between Symptom Validity Testing and MMPI-2 Scores	https://www.aminer.cn/pub/53e9a9f0b7602d970335698c/the-relation-between-symptom-validity-testing-and-mmpi-scores-as-a-function-of-forensic-evaluation-context
