url	code	type	bytes	final
http://box.dar.unibo.it/files/didattica/Guida_alla_identificazione_metrica_dei_versi_italiani.pdf	200	application/pdf	128924	http://box.dar.unibo.it/files/didattica/Guida_alla_identificazione_metrica_dei_versi_italiani.pdf
http://www.brechtdeman.com/publications/pdf/jaes-DREAMS-hires.pdf	200	application/pdf	1728147	http://www.brechtdeman.com/publications/pdf/jaes-DREAMS-hires.pdf
http://www.chrysalis-foundation.org/Abdoun_umd_0117E_12513.pdf	200	application/pdf	14761152	https://www.chrysalis-foundation.org/wp-content/uploads/2019/06/Abdoun_umd_0117E_12513.pdf
https://academic.oup.com/mts/advance-article-pdf/doi/10.1093/mts/mtag020/71291724/mtag020.pdf	403	text/html; charset=UTF-8	5866	https://academic.oup.com/mts/advance-article-pdf/doi/10.1093/mts/mtag020/71291724/mtag020.pdf
https://aclanthology.org/2025.nlp4dh-1.11.pdf	200	application/pdf	677567	https://aclanthology.org/2025.nlp4dh-1.11.pdf
https://anppom.org.br/anais/anaiscongresso_anppom_2017/4643/public/4643-16355-1-PB.pdf	200	application/pdf	899494	https://anppom.org.br/anais/anaiscongresso_anppom_2017/4643/public/4643-16355-1-PB.pdf
https://archive.org/stream/GamelanTheTraditionalSoundsOfIndonesiaWorldMusic/Gamelan_The%20Traditional%20Sounds%20of%20Indonesia%20%28World%20Music%29_djvu.txt	200	text/html; charset=UTF-8	1050422	https://archive.org/stream/GamelanTheTraditionalSoundsOfIndonesiaWorldMusic/Gamelan_The%20Traditional%20Sounds%20of%20Indonesia%20%28World%20Music%29_djvu.txt
https://arxiv.org/abs/2309.07525	200	text/html; charset=utf-8	44207	https://arxiv.org/abs/2309.07525
https://arxiv.org/abs/2408.14080	200	text/html; charset=utf-8	43838	https://arxiv.org/abs/2408.14080
https://arxiv.org/abs/2505.10793	200	text/html; charset=utf-8	42447	https://arxiv.org/abs/2505.10793
https://arxiv.org/abs/2506.19108	200	text/html; charset=utf-8	41544	https://arxiv.org/abs/2506.19108
https://arxiv.org/html/2412.00571v3	200	text/html; charset=utf-8	475820	https://arxiv.org/html/2412.00571v3
https://arxiv.org/html/2506.19108v1	200	text/html; charset=utf-8	125548	https://arxiv.org/html/2506.19108v1
https://arxiv.org/pdf/2506.19108	200	application/pdf	1420045	https://arxiv.org/pdf/2506.19108
https://astrolabevoyage.com/en/blog/moroccan-music-art-festivals	200	text/html; charset=UTF-8	4115	https://astrolabevoyage.com/en/blog/moroccan-music-art-festivals
https://books.openbookpublishers.com/10.11647/obp.0313.pdf	200	application/pdf	9152938	https://books.openbookpublishers.com/10.11647/obp.0313.pdf
https://boris-portal.unibe.ch/bitstreams/b3435ba0-fe26-4341-a772-b08d84b2e0b8/download	200	text/html; charset=utf-8	7736	https://boris-portal.unibe.ch/bitstreams/b3435ba0-fe26-4341-a772-b08d84b2e0b8/download
https://d-nb.info/1069484245/34	200	application/pdf;charset=base64	1479512	https://d-nb.info/1069484245/34
https://davidtemperley.com/wp-content/uploads/2015/11/temperley-pm07.pdf	200	application/pdf	713478	https://davidtemperley.com/wp-content/uploads/2015/11/temperley-pm07.pdf
https://davidtemperley.com/wp-content/uploads/2017/11/temperley-mp17.pdf	200	application/pdf	338113	https://davidtemperley.com/wp-content/uploads/2017/11/temperley-mp17.pdf
https://digital.library.unt.edu/ark:/67531/metadc862749/m2/1/high_res_d/VARVIRCOE-DISSERTATION-2016.pdf	200	application/pdf	8328367	https://digital.library.unt.edu/ark:/67531/metadc862749/m2/1/high_res_d/VARVIRCOE-DISSERTATION-2016.pdf
https://dokumen.pub/music-and-traditions-of-the-arabian-peninsula-saudi-arabia-kuwait-bahrain-and-qatar-1nbsped-9780415888707-0415888700.html	403	text/html; charset=UTF-8	6110	https://dokumen.pub/music-and-traditions-of-the-arabian-peninsula-saudi-arabia-kuwait-bahrain-and-qatar-1nbsped-9780415888707-0415888700.html
https://dokumen.pub/popular-music-in-the-post-digital-age-politics-economy-culture-and-technology-9781501338373-9781501338403-9781501338397.html	403	text/html; charset=UTF-8	6119	https://dokumen.pub/popular-music-in-the-post-digital-age-politics-economy-culture-and-technology-9781501338373-9781501338403-9781501338397.html
https://dokumen.pub/the-oxford-handbook-of-sound-and-imagination-1-9780190460167-9780190460242.html	403	text/html; charset=UTF-8	5899	https://dokumen.pub/the-oxford-handbook-of-sound-and-imagination-1-9780190460167-9780190460242.html
https://ecampusontario.pressbooks.pub/beyondtheclassroom/open/download?type=pdf	200	application/pdf; charset=binary	1589702	https://ecampusontario.pressbooks.pub/beyondtheclassroom/open/download?type=pdf
https://ejournals.lib.auth.gr/smb/article/view/7945	200	text/html; charset=utf-8	27465	https://ejournals.lib.auth.gr/smb/article/view/7945
https://en.wikipedia.org/wiki/Artificial_intelligence_in_music	200	text/html; charset=UTF-8	588580	https://en.wikipedia.org/wiki/Artificial_intelligence_in_music
https://en.wikipedia.org/wiki/Byzantine_music	200	text/html; charset=UTF-8	958599	https://en.wikipedia.org/wiki/Byzantine_music
https://en.wikipedia.org/wiki/Gamelan	200	text/html; charset=UTF-8	775515	https://en.wikipedia.org/wiki/Gamelan
https://erepository.uonbi.ac.ke/server/api/core/bitstreams/31fe23e4-50b3-40d8-bbf6-72fc3d5ddbcf/content	200	application/pdf;charset=UTF-8	707008	https://erepository.uonbi.ac.ke/server/api/core/bitstreams/31fe23e4-50b3-40d8-bbf6-72fc3d5ddbcf/content
https://escholarship.org/content/qt61q726kq/qt61q726kq.pdf	200	application/pdf	14216986	https://escholarship.org/content/qt61q726kq/qt61q726kq.pdf
https://etd.ohiolink.edu/acprod/odb_etd/ws/send_file/send?accession=osu1523284232353463&disposition=inline	200	application/pdf	546100	https://etd.ohiolink.edu/acprod/odb_etd/ws/send_file/send?accession=osu1523284232353463&disposition=inline
https://frenchteachernet.blogspot.com/2021/01/the-power-of-priming.html	200	text/html; charset=UTF-8	214520	https://frenchteachernet.blogspot.com/2021/01/the-power-of-priming.html
https://human.libretexts.org/Bookshelves/Music/Music_Theory/Open_Music_Theory_2e_(Gotham_et_al.)/07%3A_Popular_Music/7.03%3A_Melody_and_Phrasing	200	text/html; charset=utf-8	137838	https://human.libretexts.org/Bookshelves/Music/Music_Theory/Open_Music_Theory_2e_(Gotham_et_al.)/07%3A_Popular_Music/7.03%3A_Melody_and_Phrasing
https://human.libretexts.org/Bookshelves/Music/Music_Theory/Open_Music_Theory_2e_(Gotham_et_al.)/07%3A_Popular_Music/7.04%3A_Introduction_to_Form_in_Popular_Music	200	text/html; charset=utf-8	143277	https://human.libretexts.org/Bookshelves/Music/Music_Theory/Open_Music_Theory_2e_(Gotham_et_al.)/07%3A_Popular_Music/7.04%3A_Introduction_to_Form_in_Popular_Music
https://human.libretexts.org/Bookshelves/Music/Music_Theory/Open_Music_Theory_2e_(Gotham_et_al.)/07%3A_Popular_Music/7.06%3A_Verse-Chorus_Form	200	text/html; charset=utf-8	145730	https://human.libretexts.org/Bookshelves/Music/Music_Theory/Open_Music_Theory_2e_(Gotham_et_al.)/07%3A_Popular_Music/7.06%3A_Verse-Chorus_Form
https://human.libretexts.org/Bookshelves/Music/Music_Theory/Open_Music_Theory_2e_(Gotham_et_al.)/07%3A_Popular_Music/7.07%3A_Introduction_to_Harmonic_Schemas_in_Pop_Music	200	text/html; charset=utf-8	135711	https://human.libretexts.org/Bookshelves/Music/Music_Theory/Open_Music_Theory_2e_(Gotham_et_al.)/07%3A_Popular_Music/7.07%3A_Introduction_to_Harmonic_Schemas_in_Pop_Music
https://human.libretexts.org/Bookshelves/Music/Music_Theory/Open_Music_Theory_2e_(Gotham_et_al.)/07%3A_Popular_Music/7.12%3A_Modal_Schemas	200	text/html; charset=utf-8	165919	https://human.libretexts.org/Bookshelves/Music/Music_Theory/Open_Music_Theory_2e_(Gotham_et_al.)/07%3A_Popular_Music/7.12%3A_Modal_Schemas
https://human.libretexts.org/Bookshelves/Music/Music_Theory/Understanding_Basic_Music_Theory_(Schmidt-Jones)/07%3A_Harmony_and_Form/7.06%3A_Candence	200	text/html; charset=utf-8	147991	https://human.libretexts.org/Bookshelves/Music/Music_Theory/Understanding_Basic_Music_Theory_(Schmidt-Jones)/07%3A_Harmony_and_Form/7.06%3A_Candence
https://ia803103.us.archive.org/25/items/revista_de_flamencologia-30/RDF_30-05-LA_TERMINOLOGIA_MUSICAL_DEL_FLAMENCO-LOLA_FERNANDEZ_MARIN.pdf	200	application/pdf	1005506	https://ia803103.us.archive.org/25/items/revista_de_flamencologia-30/RDF_30-05-LA_TERMINOLOGIA_MUSICAL_DEL_FLAMENCO-LOLA_FERNANDEZ_MARIN.pdf
https://iastate.pressbooks.pub/comprehensivemusicianship/chapter/7-1-melodic-material-tutorial/	200	text/html; charset=UTF-8	116159	https://iastate.pressbooks.pub/comprehensivemusicianship/chapter/7-1-melodic-material-tutorial/
https://ich.unesco.org/doc/src/47516-EN.pdf	200	application/pdf	621216	https://ich.unesco.org/doc/src/47516-EN.pdf
https://ich.unesco.org/en/RL/bistritsa-babi-archaic-polyphony-dances-and-rituals-from-the-shoplouk-region-00095	200	text/html; charset=UTF-8	146817	https://ich.unesco.org/en/RL/bistritsa-babi-archaic-polyphony-dances-and-rituals-from-the-shoplouk-region-00095
https://ich.unesco.org/en/RL/byzantine-chant-01508	200	text/html; charset=UTF-8	157465	https://ich.unesco.org/en/RL/byzantine-chant-01508
https://ich.unesco.org/en/RL/fado-urban-popular-song-of-portugal-00563	200	text/html; charset=UTF-8	150410	https://ich.unesco.org/en/RL/fado-urban-popular-song-of-portugal-00563
https://ich.unesco.org/en/RL/flamenco-00363	200	text/html; charset=UTF-8	152573	https://ich.unesco.org/en/RL/flamenco-00363
https://ich.unesco.org/en/RL/gamelan-01607	200	text/html; charset=UTF-8	151779	https://ich.unesco.org/en/RL/gamelan-01607
https://ich.unesco.org/en/RL/georgian-polyphonic-singing-00008	200	text/html; charset=UTF-8	144220	https://ich.unesco.org/en/RL/georgian-polyphonic-singing-00008
https://ich.unesco.org/en/RL/gnawa-01170	200	text/html; charset=UTF-8	149942	https://ich.unesco.org/en/RL/gnawa-01170
https://ich.unesco.org/en/RL/mevlevi-sema-ceremony-00100	200	text/html; charset=UTF-8	158559	https://ich.unesco.org/en/RL/mevlevi-sema-ceremony-00100
https://ich.unesco.org/en/RL/morna-musical-practice-of-cabo-verde-01469	200	text/html; charset=UTF-8	150257	https://ich.unesco.org/en/RL/morna-musical-practice-of-cabo-verde-01469
https://ich.unesco.org/en/RL/rebetiko-01291	200	text/html; charset=UTF-8	149629	https://ich.unesco.org/en/RL/rebetiko-01291
https://ich.unesco.org/en/RL/tango-00258	200	text/html; charset=UTF-8	151389	https://ich.unesco.org/en/RL/tango-00258
https://interlude.hk/the-music-of-poetry-chopins-polish-songs/	200	text/html; charset=UTF-8	417160	https://interlude.hk/the-music-of-poetry-chopins-polish-songs/
https://japanhouse.illinois.edu/education/insights/shakuhachi	200	text/html; charset=utf-8	43391	https://japanhouse.illinois.edu/education/insights/shakuhachi
https://jewish-music.huji.ac.il/en/content/andalusian-nuba	200	text/html; charset=UTF-8	82672	https://jewish-music.huji.ac.il/en/content/andalusian-nuba
https://journals.plos.org/plosone/article?id=10.1371/journal.pone.0094446	200	text/html;charset=UTF-8	303493	https://journals.plos.org/plosone/article?id=10.1371/journal.pone.0094446
https://library.oapen.org/bitstream/20.500.12657/117530/4/9781800640511.pdf	403	text/html; charset=utf-8	4453	https://library.oapen.org/bitstream/20.500.12657/117530/4/9781800640511.pdf
https://most.oercommons.org/browse?f.general_subject=professional-studies	200	text/html; charset=utf-8	224427	https://most.oercommons.org/browse?f.general_subject=professional-studies
https://mtosmt.org/issues/mto.19.25.3/mto.19.25.3.turciescobar.html	200	text/html; charset=UTF-8	112215	https://mtosmt.org/issues/mto.19.25.3/mto.19.25.3.turciescobar.html
https://mtosmt.org/issues/mto.22.28.3/mto.22.28.3.nobile.html	200	text/html; charset=UTF-8	179048	https://mtosmt.org/issues/mto.22.28.3/mto.22.28.3.nobile.html
https://mtosmt.org/issues/mto.24.30.2/mto.24.30.2.smith.html	200	text/html; charset=UTF-8	234110	https://mtosmt.org/issues/mto.24.30.2/mto.24.30.2.smith.html
https://online.berklee.edu/takenote/prosody-in-music-and-songwriting/	200	text/html; charset=UTF-8	124503	https://online.berklee.edu/takenote/prosody-in-music-and-songwriting/
https://orthodoxartsjournal.org/tag/byzantine-chant/feed/	200	application/rss+xml; charset=UTF-8	283953	https://orthodoxartsjournal.org/tag/byzantine-chant/feed/
https://orthodoxartsjournal.org/znamenny-chant-for-the-21st-century/	200	text/html; charset=UTF-8	172194	https://orthodoxartsjournal.org/znamenny-chant-for-the-21st-century/
https://oyc.yale.edu/music/musi-112/lecture-1	200	text/html; charset=UTF-8	60885	https://oyc.yale.edu/music/musi-112/lecture-1
https://oyc.yale.edu/music/musi-112/lecture-8	200	text/html; charset=UTF-8	56974	https://oyc.yale.edu/music/musi-112/lecture-8
https://pdfs.semanticscholar.org/1c77/f57671defc89c0eb703d534f257c77227106.pdf	200	application/pdf	175281	https://pdfs.semanticscholar.org/1c77/f57671defc89c0eb703d534f257c77227106.pdf
https://pdfs.semanticscholar.org/fdd7/73824c60bf1db8974d3160b82da6eb5cdc0c.pdf	200	application/pdf	288144	https://pdfs.semanticscholar.org/fdd7/73824c60bf1db8974d3160b82da6eb5cdc0c.pdf
https://pmc.ncbi.nlm.nih.gov/articles/PMC10790125/	200	text/html; charset=utf-8	213129	https://pmc.ncbi.nlm.nih.gov/articles/PMC10790125/
https://pmc.ncbi.nlm.nih.gov/articles/PMC11673941/	200	text/html; charset=utf-8	202062	https://pmc.ncbi.nlm.nih.gov/articles/PMC11673941/
https://pmc.ncbi.nlm.nih.gov/articles/PMC13155495/	200	text/html; charset=utf-8	20484	https://pmc.ncbi.nlm.nih.gov/articles/PMC13155495/
https://pmc.ncbi.nlm.nih.gov/articles/PMC3640187/	200	text/html; charset=utf-8	20483	https://pmc.ncbi.nlm.nih.gov/articles/PMC3640187/
https://pmc.ncbi.nlm.nih.gov/articles/PMC4155173/	200	text/html; charset=utf-8	20482	https://pmc.ncbi.nlm.nih.gov/articles/PMC4155173/
https://pmc.ncbi.nlm.nih.gov/articles/PMC5435755/	200	text/html; charset=utf-8	20483	https://pmc.ncbi.nlm.nih.gov/articles/PMC5435755/
https://pmc.ncbi.nlm.nih.gov/articles/PMC6139986/	200	text/html; charset=utf-8	20484	https://pmc.ncbi.nlm.nih.gov/articles/PMC6139986/
https://pmc.ncbi.nlm.nih.gov/articles/PMC7221102/	200	text/html; charset=utf-8	20484	https://pmc.ncbi.nlm.nih.gov/articles/PMC7221102/
https://pmc.ncbi.nlm.nih.gov/articles/PMC9205498/	200	text/html; charset=utf-8	20483	https://pmc.ncbi.nlm.nih.gov/articles/PMC9205498/
https://polishmusic.usc.edu/research/dances/oberek/	200	text/html; charset=UTF-8	150729	https://polishmusic.usc.edu/research/dances/oberek/
https://polyphony.ge/en/russia/	200	text/html; charset=UTF-8	48425	https://polyphony.ge/en/russia/
https://pure.uva.nl/ws/files/58927620/Effects_of_music_interventions_on_stress_related_outcomes_a_systematic_review_and_two_meta_analyses.pdf	200	application/pdf	2687130	https://pure.uva.nl/ws/files/58927620/Effects_of_music_interventions_on_stress_related_outcomes_a_systematic_review_and_two_meta_analyses.pdf
https://radarmusica.com/gnawa-que-es/	200	text/html; charset=UTF-8	378384	https://radarmusica.com/gnawa-que-es/
https://raw.githubusercontent.com/mlresearch/v303/main/assets/wei26a/wei26a.pdf	200	application/octet-stream	473868	https://raw.githubusercontent.com/mlresearch/v303/main/assets/wei26a/wei26a.pdf
https://researchportal.helsinki.fi/en/publications/choices-in-song-translation-singability-in-print-subtitles-and-su/	200	text/html;charset=UTF-8	42829	https://researchportal.helsinki.fi/en/publications/choices-in-song-translation-singability-in-print-subtitles-and-su/
https://restaurantchezali.com/moroccan-folklore-troupes/	200	text/html; charset=UTF-8	102469	https://restaurantchezali.com/moroccan-folklore-troupes/
https://revistaabem.abem.mus.br/revistaabem/article/download/1159/640/3942	200	application/pdf	1112163	https://revistaabem.abem.mus.br/revistaabem/article/download/1159/640/3942
https://revistapesquisa.fapesp.br/luiz-tatit-a-forma-exata-da-cancao/	200	text/html; charset=UTF-8	69969	https://revistapesquisa.fapesp.br/luiz-tatit-a-forma-exata-da-cancao/
https://revistas.um.es/rmu/article/download/216691/170661/767551	200	application/pdf	817429	https://revistas.um.es/rmu/article/download/216691/170661/767551
https://revistas.usp.br/teresa/article/download/116391/113976	200	application/pdf	636982	https://revistas.usp.br/teresa/pt_BR/article/download/116391/113976
https://revistas.usp.br/teresa/en/article/download/116366/113955/213351	302	text/html; charset=utf-8	0	https://revistas.usp.br/teresa/en/article/download/116366/113955/213351
https://scholarcommons.sc.edu/cgi/viewcontent.cgi?article=7636&context=etd	403	text/html; charset=UTF-8	5829	https://scholarcommons.sc.edu/cgi/viewcontent.cgi?article=7636&context=etd
https://sumarsam.faculty.wesleyan.edu/files/2023/01/4_Temporal_and_Density_Flow.pdf	200	application/pdf	501073	https://sumarsam.faculty.wesleyan.edu/files/2023/01/4_Temporal_and_Density_Flow.pdf
https://tagg.org/bookxtrax/FFabBk08/EvTon04Modes2Sample.pdf	200	application/pdf	5048707	https://tagg.org/bookxtrax/FFabBk08/EvTon04Modes2Sample.pdf
https://teses.usp.br/teses/disponiveis/27/27157/tde-13122009-102355/publico/Tesefinal.pdf	200	application/pdf	1056934	https://teses.usp.br/teses/disponiveis/27/27157/tde-13122009-102355/publico/Tesefinal.pdf
https://theconversation.com/kora-in-search-of-the-origins-of-west-africas-famed-stringed-musical-instrument-216287	200	text/html; charset=utf-8	186771	https://theconversation.com/kora-in-search-of-the-origins-of-west-africas-famed-stringed-musical-instrument-216287
https://thedecisionlab.com/intervention/how-in-store-music-increased-french-wine-sales-by-330	200	text/html; charset=utf-8	276668	https://thedecisionlab.com/intervention/how-in-store-music-increased-french-wine-sales-by-330
https://theory.esm.rochester.edu/integral/36-2023/osborn/	200	text/html; charset=UTF-8	349433	https://theory.esm.rochester.edu/integral/36-2023/osborn/
https://udspace.udel.edu/server/api/core/bitstreams/20f2edcb-a633-4e85-b215-6650d1615e1c/content	200	application/pdf;charset=UTF-8	773090	https://udspace.udel.edu/server/api/core/bitstreams/20f2edcb-a633-4e85-b215-6650d1615e1c/content
https://www.academia.edu/33288290/_A_Journey_of_the_Vocal_Ison	403	text/html; charset=UTF-8	5731	https://www.academia.edu/33288290/_A_Journey_of_the_Vocal_Ison
https://www.advergize.com/priming-effect-branding/	200	text/html; charset=UTF-8	75260	https://www.advergize.com/priming-effect-branding/
https://www.afropop.org/articles/john-collins-ghana-then-and-now-part-1	200	text/html; charset=utf-8	98436	https://www.afropop.org/articles/john-collins-ghana-then-and-now-part-1
https://www.afropop.org/articles/michael-veal-on-tony-allen	200	text/html; charset=utf-8	90185	https://www.afropop.org/articles/michael-veal-on-tony-allen
https://www.alamy.com/stock-photo/moroccan-gnawa.html	200	text/html; charset=utf-8	258983	https://www.alamy.com/stock-photo/moroccan-gnawa.html?sortBy=relevant
https://www.apa.org/pubs/journals/releases/aca-aca0000090.pdf	200	application/pdf	276797	https://www.apa.org/pubs/journals/releases/aca-aca0000090.pdf
https://www.cambridge.org/core/journals/popular-music/article/moving-past-the-feeling-emotion-in-arcade-fires-funeral/C3A738F253A886F62EEAAB8C93BDF9F0	429	text/html; charset=utf-8	1302	https://www.cambridge.org/core/journals/popular-music/article/moving-past-the-feeling-emotion-in-arcade-fires-funeral/C3A738F253A886F62EEAAB8C93BDF9F0
https://www.cambridge.org/core/journals/yearbook-for-traditional-music/article/kendhang-gaya-selo-aesthetic-choice-and-musical-exchange-among-drummers-in-central-java/A3A3FB95EB628F587C1A7937C8545306	429	text/html; charset=utf-8	1302	https://www.cambridge.org/core/journals/yearbook-for-traditional-music/article/kendhang-gaya-selo-aesthetic-choice-and-musical-exchange-among-drummers-in-central-java/A3A3FB95EB628F587C1A7937C8545306
https://www.ciol.org.uk/make-it-sing	200	text/html; charset=utf-8	105415	https://www.ciol.org.uk/make-it-sing
https://www.facebook.com/groups/1022560929298411/posts/1526665185554647/	400	text/html; charset="utf-8"	1542	https://www.facebook.com/groups/1022560929298411/posts/1526665185554647/
https://www.facebook.com/groups/287872831231709/posts/9145705045448399/	400	text/html; charset="utf-8"	1542	https://www.facebook.com/groups/287872831231709/posts/9145705045448399/
https://www.facebook.com/groups/learningkoraworldwide/posts/8173636785984346/	400	text/html; charset="utf-8"	1542	https://www.facebook.com/groups/learningkoraworldwide/posts/8173636785984346/
https://www.folklore.ee/pubte/eraamat/eestipoola2/sikora.zebrowska.pdf	200	application/pdf	2661825	https://www.folklore.ee/pubte/eraamat/eestipoola2/sikora.zebrowska.pdf
https://www.frontiersin.org/journals/computer-science/articles/10.3389/fcomp.2021.644054/full	200	text/html;charset=utf-8	2162139	https://www.frontiersin.org/journals/computer-science/articles/10.3389/fcomp.2021.644054/full
https://www.frontiersin.org/journals/psychology/articles/10.3389/fpsyg.2013.00511/full	200	text/html;charset=utf-8	1232965	https://www.frontiersin.org/journals/psychology/articles/10.3389/fpsyg.2013.00511/full
https://www.frontiersin.org/journals/psychology/articles/10.3389/fpsyg.2026.1903971/full	200	text/html;charset=utf-8	799336	https://www.frontiersin.org/journals/psychology/articles/10.3389/fpsyg.2026.1903971/full
https://www.holycrossonline.org/byzantine-chant	200	text/html;charset=utf-8	137615	https://www.holycrossonline.org/byzantine-chant
https://www.italian-journal-linguistics.com/app/uploads/2021/05/4_Konoshenko.pdf	200	application/pdf	288828	https://www.italian-journal-linguistics.com/app/uploads/2021/05/4_Konoshenko.pdf
https://www.jostrans.org/article/download/7993/7840?inline=1	200	text/html; charset=UTF-8	58472	https://www.jostrans.org/article/download/7993/7840?inline=1
https://www.jostrans.soap2.ch/issue29/rev_low.pdf	200	application/pdf	266217	https://www.jostrans.soap2.ch/issue29/rev_low.pdf
https://www.jukee.ai/4-known-experiments-in-sound-and-shopper-behavior/	200	text/html; charset=UTF-8	57200	https://www.jukee.ai/4-known-experiments-in-sound-and-shopper-behavior/
https://www.maqamworld.com/en/maqam.php	200	text/html; charset=UTF-8	14992	https://www.maqamworld.com/en/maqam.php
https://www.mdpi.com/2079-9292/14/6/1197	403	text/html	401	https://www.mdpi.com/2079-9292/14/6/1197
https://www.mdpi.com/2306-5710/3/4/52	403	text/html	398	https://www.mdpi.com/2306-5710/3/4/52
https://www.melodigging.com/genre/fula-music	200	text/html; charset=utf-8	202742	https://www.melodigging.com/genre/fula-music
https://www.melodigging.com/label/4972	200	text/html; charset=utf-8	223915	https://www.melodigging.com/label/4972
https://www.mtosmt.org/issues/mto.14.20.4/mto.14.20.4.albrecht.html	200	text/html; charset=UTF-8	41090	https://www.mtosmt.org/issues/mto.14.20.4/mto.14.20.4.albrecht.html
https://www.mtosmt.org/issues/mto.15.21.3/mto.15.21.3.pau.html	200	text/html; charset=UTF-8	189157	https://www.mtosmt.org/issues/mto.15.21.3/mto.15.21.3.pau.html
https://www.mtosmt.org/issues/mto.22.28.2/mto.22.28.2.stroud.html	200	text/html; charset=UTF-8	135138	https://www.mtosmt.org/issues/mto.22.28.2/mto.22.28.2.stroud.html
https://www.mtosmt.org/issues/mto.25.31.3/mto.25.31.3.malin.html	200	text/html; charset=UTF-8	251682	https://www.mtosmt.org/issues/mto.25.31.3/mto.25.31.3.malin.html
https://www.mtosmt.org/issues/mto.26.32.1/mto.26.32.1.braae.html	200	text/html; charset=UTF-8	160041	https://www.mtosmt.org/issues/mto.26.32.1/mto.26.32.1.braae.html
https://www.museudofado.pt/en/fado/persolanity/artur-paredes-en	200	text/html; charset=UTF-8	164390	https://www.museudofado.pt/en/fado/persolanity/artur-paredes-en
https://www.opusklassiek.nl/componisten/oestvolskaja2.pdf	200	application/pdf	22827529	https://www.opusklassiek.nl/componisten/oestvolskaja2.pdf
https://www.paralleles.unige.ch/download_file/view/329/258	200	application/pdf	527481	https://www.paralleles.unige.ch/application/files/8617/6140/7989/Paralleles-37-2_Guven.pdf
https://www.psychologytoday.com/ca/blog/attitude-check/201601/did-hearing-o-canada-make-me-want-eat-poutine	200	text/html; charset=UTF-8	122578	https://www.psychologytoday.com/ca/blog/attitude-check/201601/did-hearing-o-canada-make-me-want-eat-poutine
https://www.researchgate.net/publication/209436188_Sweet_Anticipation_Music_and_the_Psychology_of_Expectation	403	text/html; charset=UTF-8	21141	https://www.researchgate.net/publication/209436188_Sweet_Anticipation_Music_and_the_Psychology_of_Expectation
https://www.researchgate.net/publication/261668226_Choices_in_Song_Translation_Singability_in_Print_Subtitles_and_Sung_Performance	403	text/html; charset=UTF-8	21141	https://www.researchgate.net/publication/261668226_Choices_in_Song_Translation_Singability_in_Print_Subtitles_and_Sung_Performance
https://www.researchgate.net/publication/268196114_Cognitive_Approaches_to_Analysis_of_Emotions_in_Music_Listening	403	text/html; charset=UTF-8	21141	https://www.researchgate.net/publication/268196114_Cognitive_Approaches_to_Analysis_of_Emotions_in_Music_Listening
https://www.researchgate.net/publication/327813540_David_Huron_Sweet_Anticipation_Music_and_the_Psychology_of_Expectation_Cambridge_MIT_Press_2006	403	text/html; charset=UTF-8	21141	https://www.researchgate.net/publication/327813540_David_Huron_Sweet_Anticipation_Music_and_the_Psychology_of_Expectation_Cambridge_MIT_Press_2006
https://www.researchgate.net/publication/386322920_Hidden_Influences_in_Music_Technology_An_Approach_to_Coding_Practice	403	text/html; charset=UTF-8	21141	https://www.researchgate.net/publication/386322920_Hidden_Influences_in_Music_Technology_An_Approach_to_Coding_Practice
https://www.researchgate.net/publication/399085386_THE_ACOUSTICS_OF_ORTHODOX_CHURCHES_BETWEEN_BYZANTINE_TRADITION_LITURGICAL_EXPERIENCE_AND_MUSICAL_CHALLENGE	403	text/html; charset=UTF-8	21141	https://www.researchgate.net/publication/399085386_THE_ACOUSTICS_OF_ORTHODOX_CHURCHES_BETWEEN_BYZANTINE_TRADITION_LITURGICAL_EXPERIENCE_AND_MUSICAL_CHALLENGE
https://www.researchgate.net/publication/414725311_From_Audio_Deepfake_Detection_to_AI-Generated_Music_Detection_-_A_Pathway_and_Overview	403	text/html; charset=UTF-8	21141	https://www.researchgate.net/publication/414725311_From_Audio_Deepfake_Detection_to_AI-Generated_Music_Detection_-_A_Pathway_and_Overview
https://www.scielo.br/j/ct/a/jK4t8rYzjSDdPvqs7RHvBww/?format=html&lang=pt	200	text/html; charset=utf-8	150222	https://www.scielo.br/j/ct/a/jK4t8rYzjSDdPvqs7RHvBww/?format=html&lang=pt
https://www.scielo.br/j/ra/a/yP7KNLj6JTktTMRkbNkXj3y/?lang=pt	200	text/html; charset=utf-8	86637	https://www.scielo.br/j/ra/a/yP7KNLj6JTktTMRkbNkXj3y/?lang=pt
https://www.sciopen.com/article/10.26599/IJCS.2025.9100011	200	text/html;charset=UTF-8	133806	https://www.sciopen.com/article/10.26599/IJCS.2025.9100011
https://www.scribd.com/doc/256718947/markertng-paper	200	text/html; charset=utf-8	3038	https://www.scribd.com/doc/256718947/markertng-paper
https://www.scribd.com/document/493092114/Music-of-the-Peoples-of-the-World	200	text/html; charset=utf-8	3038	https://www.scribd.com/document/493092114/Music-of-the-Peoples-of-the-World
https://www.scribd.com/document/533640076/Music-and-Instruments-in-the-Liturgy	200	text/html; charset=utf-8	3038	https://www.scribd.com/document/533640076/Music-and-Instruments-in-the-Liturgy
https://www.scribd.com/document/631088601/huron	200	text/html; charset=utf-8	3038	https://www.scribd.com/document/631088601/huron
https://www.scribd.com/document/632973971/Handbook-of-musical-identities-by-Hargreaves-David-John-MacDonald-Raymond-A-R-Miell-Dorothy-z-lib-org-pdf	200	text/html; charset=utf-8	3038	https://www.scribd.com/document/632973971/Handbook-of-musical-identities-by-Hargreaves-David-John-MacDonald-Raymond-A-R-Miell-Dorothy-z-lib-org-pdf
https://www.scribd.com/document/641931306/Untitled	200	text/html; charset=utf-8	3038	https://www.scribd.com/document/641931306/Untitled
https://www.scribd.com/document/644601831/Franzon-Choices-in-Song-Translation	200	text/html; charset=utf-8	3038	https://www.scribd.com/document/644601831/Franzon-Choices-in-Song-Translation
https://www.scribd.com/document/778958222/Griots-and-Griottes-Masters-of-Words-and-Music-Hale-Thomas-A-Thomas-Albert-1942-2007-Bloomington-Ind-Indiana-University-Press-97	200	text/html; charset=utf-8	3038	https://www.scribd.com/document/778958222/Griots-and-Griottes-Masters-of-Words-and-Music-Hale-Thomas-A-Thomas-Albert-1942-2007-Bloomington-Ind-Indiana-University-Press-97
https://www.scribd.com/document/837621921/Work-Songs-Ted-Gioia	200	text/html; charset=utf-8	3038	https://www.scribd.com/document/837621921/Work-Songs-Ted-Gioia
https://www.scribd.com/document/867371123/Primer-on-Byzantine-Musical-System-Using-Western-Notation-and-Theory-Stanley-Takis	200	text/html; charset=utf-8	3038	https://www.scribd.com/document/867371123/Primer-on-Byzantine-Musical-System-Using-Western-Notation-and-Theory-Stanley-Takis
https://www.sfxmachine.com/docs/loudnesswar/loudness_war.pdf	200	application/pdf	850429	https://www.sfxmachine.com/docs/loudnesswar/loudness_war.pdf
https://www.shejzat.com/wp-content/uploads/shejzat_pleiades/2020/2020_01_02/20_1-2_Eno.Koco_.pdf	200	application/pdf	274084	https://www.shejzat.com/wp-content/uploads/shejzat_pleiades/2020/2020_01_02/20_1-2_Eno.Koco_.pdf
https://www.siriusxmmedia.com/insights/the-invisible-ingredient-how-sound-shapes-what-we-taste	200	text/html; charset=utf-8	248493	https://www.siriusxmmedia.com/insights/the-invisible-ingredient-how-sound-shapes-what-we-taste
https://www.stefan-koelsch.de/papers/cheung_harrison_meyer_pearce_haynes_koelsch_2019_uncertainty_and_surprise_jointly_predict_musical_pleasure_and_amygdala_hippocampus_and_auditory_cortex_activity_current_biology_29.pdf	200	application/pdf	2134553	https://www.stefan-koelsch.de/papers/cheung_harrison_meyer_pearce_haynes_koelsch_2019_uncertainty_and_surprise_jointly_predict_musical_pleasure_and_amygdala_hippocampus_and_auditory_cortex_activity_current_biology_29.pdf
https://www.stefan-koelsch.de/papers/koelsch_vuust_friston_2018_predictive_processes_and_the_peculiar_case_of_music_trends_in_cognitive_sciences.pdf	200	application/pdf	2830256	https://www.stefan-koelsch.de/papers/koelsch_vuust_friston_2018_predictive_processes_and_the_peculiar_case_of_music_trends_in_cognitive_sciences.pdf
https://www.tagg.org/xpdfs/burns87.pdf	200	application/pdf	85312	https://www.tagg.org/xpdfs/burns87.pdf
https://www.ufrgs.br/cdrom/mandrade/mandrade.pdf	200	application/pdf	412714	https://www.ufrgs.br/cdrom/mandrade/mandrade.pdf
https://www.vatican.va/archive/hist_councils/ii_vatican_council/documents/vat-ii_const_19631204_sacrosanctum-concilium_en.html	200	text/html	91960	https://www.vatican.va/archive/hist_councils/ii_vatican_council/documents/vat-ii_const_19631204_sacrosanctum-concilium_en.html
https://www.vatican.va/archive/hist_councils/ii_vatican_council/documents/vat-ii_instr_19670305_musicam-sacram_en.html	200	text/html	46630	https://www.vatican.va/archive/hist_councils/ii_vatican_council/documents/vat-ii_instr_19670305_musicam-sacram_en.html
https://xalucatours.com/en/blog/musica-gnaoua-essaouira-sur	200	text/html; charset=utf-8	5821	https://xalucatours.com/en/blog/musica-gnaoua-essaouira-sur
https://zenodo.org/records/997607	200	text/html; charset=utf-8	76021	https://zenodo.org/records/997607
