F1	A busca pelos aspectos universais da moda-de-viola	https://revistas.usp.br/revistadatulha/article/download/121319/129293
F1	A viola caipira e a experiência musical em uma escola pública do campo – Emboabas/MG	https://ufsj.edu.br/portal2-repositorio/File/mestradoeducacao/DissertacaoLeandroDrumondMarinho.pdf
F1	Cantando a própria história	https://www.teses.usp.br/teses/disponiveis/47/47134/tde-14062011-163614/publico/vilela_do.pdf
F1	Dossiê de Registro do Fandango Caiçara: expressões de um sistema cultural	https://bcr.iphan.gov.br/wp-content/uploads/tainacan-items/65968/66755/Fandango-Caicara_de_Dossie_.pdf
F1	Improvisação à viola caipira: um estudo de caso aplicando modelos selecionados ao cateretê Vide Vida Marvada	https://files.cercomp.ufg.br/weby/up/270/o/Almir_Pessoa_-_Disserta%C3%A7%C3%A3o.pdf
F1	Música sertaneja e globalização	https://www.unirio.br/mpb/ulhoatextos/MusicaSertaneja.pdf
F1	O gênero musical guarânia no Brasil: décadas de 1940/50	https://anppom.org.br/anais/anaiscongresso_anppom_2014/2822/public/2822-9929-1-PB.pdf
F1	O pagode de viola de Tião Carreiro: configurações estilísticas, importância e influências	https://files.cercomp.ufg.br/weby/up/270/o/DENIS_RILK_MALAQUIAS.pdf
F1	Um paradoxo entre o existir e o resistir: a moda de viola através dos tempos	https://www.scielo.br/j/ea/a/3vCjJ4zRbrRpgg8BCpqzpVc/?format=html&lang=pt
F1	Viola caipira: das práticas populares à escritura da arte	https://teses.usp.br/teses/disponiveis/27/27157/tde-22092015-112350/publico/ROBERTONUNESCORREA.pdf
F10	Забытые мотивы материнского фольклора	https://cyberleninka.ru/article/n/zabytye-motivy-materinskogo-folklora
F10	Эпические напевы из сборника Кирши Данилова и традиции Северного былинного мелоса	https://cyberleninka.ru/article/n/epicheskie-napevy-iz-sbornika-kirshi-danilova-i-traditsii-severnogo-bylinnogo-melosa
F10	Частушки и «короткие песни»: к вопросу о внутрижанровой классификации	https://cyberleninka.ru/article/n/chastushki-i-korotkie-pesni-k-voprosu-o-vnutrizhanrovoy-klassifikatsii
F10	Знаменный распев (Znamenny raspev)	https://www.pravenc.ru/text/%D0%B7%D0%BD%D0%B0%D0%BC%D0%B5%D0%BD%D0%BD%D0%BE%D0%B3%D0%BE%20%D1%80%D0%B0%D1%81%D0%BF%D0%B5%D0%B2%D0%B0.html
F10	BALALAIKA! The Andreyev Balalaika Ensemble — liner notes	https://folkways-media.si.edu/docs/folkways/artwork/MON61713.pdf
F10	Communism and Folklore Revisited: Russian Traditional Music and the Janus-faced Nature of Soviet Cultural Politics	https://pressto.amu.edu.pl/index.php/ism/article/download/43462/36110
F10	Russian Choral Music (Folkways FP 8754) — notas do álbum	https://folkways-media.si.edu/docs/folkways/artwork/FW08754.pdf
F10	Stravinsky's 'Les Noces' and Russian Village Wedding Ritual	https://sites.nd.edu/choral-lit/files/2018/08/Mazo-Les-Noces-and-Wedding-Ritual.pdf
F10	The Influence of Znamenny Liturgical Chant on the Nineteenth-Century Russian Choral School	https://acda-publications.s3.us-east-2.amazonaws.com/choral_journals/Wall.pdf
F2	A assimilação dos gêneros polca paraguaia, guarânia e chamamé no Brasil e suas transformações estruturais	https://www.icgilbertoluizalves.com.br/imagens/galeriapdf/a-assimila-o-dos-g-neros-polca-paraguaia-guar-nia-e-chamam-no-brasil-e-suas-transforma-es-estruturais-site-241138.pdf
F2	A milonga gaúcha na gênese do Quinteto para violão e quarteto de cordas, de Fernando Mattos	https://danielwolff.com/wp-content/uploads/2019/04/A-milonga-gaucha_mattos.pdf
F2	A milonga no redemoinho da canção popular: Bebeto Alves e Vitor Ramil	https://lume.ufrgs.br/bitstream/handle/10183/61206/000863881.pdf?sequence=1
F2	Chamamé (inscrição 01600, Lista Representativa)	https://ich.unesco.org/en/RL/chamame-01600
F2	Del folklore musical uruguayo: La milonga	https://anaforas.fic.edu.uy/jspui/bitstream/123456789/101481/1/Ayesta_Milonga_SELDIA784.pdf
F2	El acordeón del Litoral argentino. Un análisis de los distintos modos de acompañamiento en el chamamé	https://www.redalyc.org/journal/7876/787682987003/html/
F2	El chamamé desde la guitarra	http://sedici.unlp.edu.ar/bitstream/handle/10915/80528/Documento_completo.pdf-PDFA.pdf?sequence=1&isAllowed=y
F2	La enseñanza de recursos interpretativos del chamamé en la guitarra	https://www4.fba.unlp.edu.ar/jidap2022/wp-content/uploads/sites/4/2022/11/26.-TROITINO.pdf
F2	La problemática del nacionalismo musical argentino (in Revista del IIMCV nº 31)	https://repositorio.uca.edu.ar/bitstream/123456789/1309/1/revista-instituto-carlos-vega-31.pdf
F2	Música no Rio Grande do Sul: conhecendo as origens e alguns gêneros musicais	https://www.seer.fundarte.rs.gov.br/RevistadaFundarte/en/article/download/757/pdf_74/1797
F3	'O fado que nós cantamos, é a sina que nós seguimos': jovens fadistas portugueses e a emoção	https://www.meloteca.com/wp-content/uploads/2019/03/o-fado-que-nos-cantamos.pdf
F3	A guitarra portuguesa e a canção de Coimbra: subsídios para o seu estudo e contextualização	https://estudogeral.uc.pt/bitstream/10316/19516/1/A%20Guitarra%20Portuguesa%20e%20a%20Can%C3%A7%C3%A3o%20de%20Coimbra_%20subsidios%20para%20o%20seu%20estudo%20e%20conxtualiza%C3%A7%C3%A3o-Luis%20Castela.pdf
F3	Fado de Coimbra / Canção de Coimbra	https://www.fd.uc.pt/alumni/pdf/newsletter/alumni_9.pdf
F3	O fado: características melódicas, rítmicas e de performance	http://www.musimid.mus.br/3encontro/files/pdf/Marcos%20Julio%20Sergl.pdf
F3	The Portuguese Guitar: History and Transformation of an Instrument Associated with Fado	https://yorkspace.library.yorku.ca/bitstreams/bfa1f800-2480-443c-b1c5-1d38832d2186/download
F4	Acerca de la cadencia frigia, la cadencia andaluza y la tonalidad menor: aproximaciones fundamentantes	https://www.laguitarra-blog.com/wp-content/uploads/2012/05/acerca-de-la-cadencia-frigiala-cadencia-andaluza-y-la-tonalidad-menor.pdf
F4	Apéndice. Grabaciones	https://www.juntadeandalucia.es/aaiicc/flamenco/content/ap%C3%A9ndice-grabaciones
F4	Aproximación a una didáctica del Flamenco. Tercera parte. Breve introducción a la métrica musical y transcripciones musicales	https://www.juntadeandalucia.es/cultura/flamenco/sites/default/files/flamenco/docs/tercera_parte_didactica.pdf
F4	Aproximación musicológica a las palmas flamencas a través de la fonografía y la praxis contemporánea	https://ddd.uab.cat/pub/tesis/2020/hdl_10803_669363/bjdcp1de1.pdf
F4	Armonía modal, modo de MI y flamenco: aproximación al "Modo de MI Armónico" como sistema musical de tradición hispana	https://digibug.ugr.es/bitstream/handle/10481/44889/26391119.pdf?sequence=6&isAllowed=y
F4	Cantes de compás mixto	https://www.juntadeandalucia.es/aaiicc/flamenco/content/cantes-de-comp%C3%A1s-mixto
F4	El flamenco: arte musical y de la danza — Cap. 4: El compás y la sonoridad flamenca	https://www.ugr.es/~berlanga/captulo_4_el_comps_y_la_sonoridad_flamenca.html
F4	El flamenco: arte musical y de la danza — Cap. 4B: La sonoridad flamenca	https://www.ugr.es/~berlanga/captulo_4b_la_sonoridad_flamenca.html
F4	Flamenco Jazz: An Analytical Study	https://jjs.libraries.rutgers.edu/index.php/jjs/article/download/113/89/444
F4	Gestión cultural especializada en flamenco. Materiales didácticos	https://www.juntadeandalucia.es/cultura/flamenco/sites/default/files/flamenco/docs/gestion_cultural_materiales_didacticos.pdf
F4	La transcripción musical del zapateado flamenco: una propuesta didáctica	https://revistas.um.es/flamenco/article/download/284241/223281/1082081
F4	Seguiriyas	https://www.juntadeandalucia.es/aaiicc/flamenco/content/seguiriyas
F4	Sobre la poesía flamenca y su métrica	https://revistas.um.es/flamenco/article/download/179601/150851/655061
F4	Unidad de trabajo 11: Soleá	https://www.juntadeandalucia.es/aaiicc/flamenco/node/2241
F4	Unidad de trabajo 13: Bulerías. Bulerías por Soleá	https://www.juntadeandalucia.es/aaiicc/flamenco/node/2243
F5	A bossa-nova e sua influência na evolução da linguagem sonora da música instrumental brasileira	https://www.iar.unicamp.br/wp-content/uploads/2021/07/V2_ED03_A1_BossaNova.pdf
F5	A música tímida de João Gilberto	https://teses.usp.br/teses/disponiveis/27/27157/tde-07032013-145429/publico/EnriqueMestrado.pdf
F5	Aspetos da harmonia idiomática de Antonio Carlos Jobim: uma abordagem a partir dos processos de cifragem	https://dspace.uevora.pt/rdpc/bitstream/10174/35478/1/Doutoramento-Musica_e_Musicologia-Musicologia-Celso_Ribeiro_Bastos_Filho.pdf
F5	Canção do Amor Demais: marco da música popular brasileira contemporânea	https://www.scielo.br/j/pm/a/9KdPQTTrFLLQPkH6KmX5JVt/?lang=pt
F5	Canto falado e música popular: apontamentos sobre práticas vocais, escuta e descritores estilísticos	https://www.scielo.br/j/opus/a/3rmH5mZ4JhswLg5CLxhKsht/?lang=pt
F5	Canto falado no samba e na bossa nova: um estudo de aspectos da relação entre texto e música	https://revistas.ufg.br/musica/article/view/47343
F5	O uso de acordes de empréstimo modal (AEM) na música de Tom Jobim	https://antigo.anppom.com.br/anais/anaiscongresso_anppom_2005/sessao16/ricardofreire_heitoroliveira.pdf
F5	Padrões de acompanhamento ao violão de João Gilberto, em duas faixas do LP O amor, o sorriso e a flor	https://abrapem.org/wp-content/uploads/2023/10/60.-Padroes-de-acompanhamento-ao-violao-de-Joao-Gilberto-01.pdf
F5	Padrões de acompanhamento na bossa nova ao violão de João Gilberto, em duas faixas do LP João Gilberto (1961)	https://abrapem.org/wp-content/uploads/2023/10/69.-Padroes-de-acompanhamento-na-bossa-nova-ao-violao-de-Joao-Gilberto-02.pdf
F6	A modinha e o lundu no Brasil: as primeiras manifestações da música popular urbana no Brasil	https://files.cercomp.ufg.br/weby/up/988/o/LIMA_-_A_modinha_e_o_lundu_no_Brasil.pdf
F6	Choro: instrução técnica do processo de registro do choro como Patrimônio Cultural do Brasil	https://bcr.iphan.gov.br/wp-content/uploads/tainacan-items/65968/105869/01_Dossie_Tecnico.pdf
F6	Dino 7 Cordas: o desenvolvimento de uma identidade sonora	https://anppom.org.br/anais/anaiscongresso_anppom_2023/papers/1635/public/1635-7746-1-PB.pdf
F6	Inovação e tradição nas baixarias do choro de Rogério Caetano	https://files.cercomp.ufg.br/weby/up/270/o/Joao_Fernandes_da_Silva_Neto_-_Disserta%C3%A7%C3%A3o_Final.pdf
F6	Muito além da serenata: a seresta como pervivência da lírica trovadoresca	https://ojs.uel.br/revistas/uel/index.php/estacaoliteraria/article/view/44921
F6	Os pilares da música popular brasileira e cabo-verdiana: modinha, lundu e morna	https://rbec.ect.ufrn.br/data/_uploaded/artigo/N2/RBEC_N2_A16.pdf
F6	Paradigma (ou paradoxo) do Estácio?: questões sobre etnocentrismo e limites da musicografia sobre a linha de tempo do samba	https://econtents.sbu.unicamp.br/inpec/index.php/muspop/article/download/19941/14936/59924
F6	Subgêneros do samba (samba de breque, samba-canção, samba-enredo, samba-exaltação)	https://bndigital.bn.gov.br/exposicoes/ai-ai-ai-cem-anos-o-samba-faz/subgeneros-do-samba/
F7	Al son de la clave: el 3+3+2 en el tango. Las décadas del 20, 30 y 40	http://sedici.unlp.edu.ar/bitstream/handle/10915/53874/Documento_completo.pdf-PDFA.pdf?sequence=1&isAllowed=y
F7	El estilo de ejecución en el tango: un estudio acerca de la temporalidad en la performance	https://sedici.unlp.edu.ar/bitstream/handle/10915/173486/Documento_completo.pdf?sequence=1&isAllowed=y
F7	Estrategia y táctica para revitalizar el bolero	https://dialnet.unirioja.es/descarga/articulo/5322692.pdf
F7	The Cuban Bolero in Spanish Jazz	https://rpm-ns.pt/index.php/rpm/article/download/383/679/1365
F7	Tracing Tangueros: Argentine Instrumental Tango Music (resumo de sessão)	https://cilam.ucr.edu/diagonal/issues/2013/LinkandWendland.pdf
F7	Viviendo el amor y sufriendo el desamor. El bolero en México (radio reportaje)	https://tesiunamdocumentos.dgb.unam.mx/ptd2009/abril/0641940/0641940_A1.pdf
F8	Catherine Dutheil-Pessin, La Chanson réaliste. Sociologie d'un genre (resenha)	https://journals.openedition.org/volume/1735?lang=fr
F8	En bordure de voix, corps et imaginaire dans la chanson réaliste	https://journals.openedition.org/volume/2228
F8	Genèse et mutations du bal musette parisien	https://www.tiennetsimonnin.fr/articles/gen%C3%A8se-et-mutations-du-bal-musette-parisien/
F8	Histoire des bals musette (fresque Danses sans visa)	https://fresques.ina.fr/danses-sans-visa/fiche-media/Dasavi00705/histoire-des-bals-musette.html
F8	Musette et stéréotypes sociaux: les différentes appréciations d'un genre « populaire »	https://horizon.documentation.ird.fr/exl-doc/pleins_textes/divers17-07/010041194.pdf
F9	Como se toca o baião: combinações de elementos musicais no repertório de Luiz Gonzaga	https://www.scielo.br/j/pm/a/6sW6mgh4bZhTRngXKxnRygH/?lang=pt
F9	Estrutura da música modal: a importância do ensino do modalismo nos cursos acadêmicos	https://www.unirio.br/cla/ivl/cursos/anitaugarte.pdf
F9	Instrução técnica da solicitação de registro das Matrizes Tradicionais do Forró como Patrimônio Cultural Brasileiro	https://bcr.iphan.gov.br/wp-content/uploads/tainacan-items/65968/67001/Matrizes-Tradicionais-do-Forro_de_MatrizesTradicionaisForro_Dossie_.pdf
F9	Obras para contrabaixo com gêneros da música popular brasileira: performance e aspectos pedagógicos	https://files.cercomp.ufg.br/weby/up/270/o/Diuliano_Vitor_Lucena_-_Dissertac%CC%A7a%CC%83o_Final.pdf
F9	Processo criativo musical: o modalismo como ferramenta de ensino-aprendizagem na linguagem musical	https://files.cercomp.ufg.br/weby/up/270/o/DISSERTA%C3%87%C3%83O-REJANE-2015.pdf
T	2.4: Meter	https://human.libretexts.org/Bookshelves/Music/Music_Theory/Understanding_Basic_Music_Theory_(Schmidt-Jones)/02%3A_Notation_-_Time/2.04%3A_Meter
T	2.6: Dots, Ties, and Borrowed Divisions	https://human.libretexts.org/Bookshelves/Music/Music_Theory/Understanding_Basic_Music_Theory_(Schmidt-Jones)/02%3A_Notation_-_Time/2.06%3A_Dots_Ties_and_Borrowed_Divisions
T	2.7: Syncopation	https://human.libretexts.org/Bookshelves/Music/Music_Theory/Understanding_Basic_Music_Theory_(Schmidt-Jones)/02%3A_Notation_-_Time/2.07%3A_Syncopation
T	2.8: Tempo	https://human.libretexts.org/Bookshelves/Music/Music_Theory/Understanding_Basic_Music_Theory_(Schmidt-Jones)/02%3A_Notation_-_Time/2.08%3A_Tempo
T	3s and 2s: Hemiola and Other Across-the-Beat Rhythms	https://uen.pressbooks.pub/auralskills/chapter/3s-2s-across-the-beat/
T	5.3: Harmonic Series I — Timbre and Octaves	https://human.libretexts.org/Bookshelves/Music/Music_Theory/Understanding_Basic_Music_Theory_(Schmidt-Jones)/05%3A_The_Physical_Basis/5.03%3A_Harmonic_Series_I-_Timbre_and_Octaves
T	8.3: Modes and Ragas	https://human.libretexts.org/Bookshelves/Music/Music_Theory/Understanding_Basic_Music_Theory_(Schmidt-Jones)/08%3A_Challenges/8.03%3A_Modes_and_Ragas
T	Advanced Rhythm and Meter	https://tamucc.pressbooks.pub/stepstomusictheory/chapter/more-rhythm-meter/
T	Compound Meter and Time Signatures	https://viva.pressbooks.pub/openmusictheory/chapter/compound-meters-and-time-signatures/
T	Diatonic Modes	https://viva.pressbooks.pub/openmusictheory/chapter/diatonic-modes/
T	Embellishing Tones	https://viva.pressbooks.pub/openmusictheory/chapter/embellishing-tones/
T	Gramática e Teoria Musical (apostila)	https://hugoribeiro.com.br/biblioteca-digital/Ribeiro-apostila-teoria.pdf
T	Intervals	https://viva.pressbooks.pub/openmusictheory/chapter/intervals/
T	Introduction to Diatonic Modes and the Chromatic 'Scale'	https://viva.pressbooks.pub/openmusictheory/chapter/intro-to-diatonic-modes-and-the-chromatic-scale/
T	Meter (Music Theory for the 21st-Century Classroom)	https://musictheory.pugetsound.edu/mt21c/meter.html
T	Metrical Dissonance	https://viva.pressbooks.pub/openmusictheory/chapter/metrical-dissonance/
T	Minor Scales, Scale Degrees, and Key Signatures	https://viva.pressbooks.pub/openmusictheory/chapter/minor-scales-scale-degrees-and-key-signatures/
T	Other Rhythmic Essentials	https://viva.pressbooks.pub/openmusictheory/chapter/other-rhythmic-essentials/
T	Rhythm and Meter in Pop Music	https://viva.pressbooks.pub/openmusictheory/chapter/rhythm-and-meter-in-pop-music/
T	Seventh Chords	https://viva.pressbooks.pub/openmusictheory/chapter/seventh-chords/
T	Simple Meter and Time Signatures	https://viva.pressbooks.pub/openmusictheory/chapter/simple-meter-and-time-signatures/
T	Teoria Elementar da Música (apostila)	https://www.ufsm.br/cursos/graduacao/santa-maria/musica/wp-content/uploads/sites/485/2018/12/Teoria-Elementar-2013-1-1.pdf
T	Triads	https://viva.pressbooks.pub/openmusictheory/chapter/triads/
